INSERT INTO "role"(value) values('GUEST');
INSERT INTO "role"(value) values('USER');
INSERT INTO "role"(value) values('MANAGER');
INSERT INTO "role"(value) values('ADMIN');

INSERT INTO "gender"(value, full_value) values('M', 'Male');
INSERT INTO "gender"(value, full_value) values('F', 'Female');
INSERT INTO "gender"(value, full_value) values('T', 'Transformer');
INSERT INTO "gender"(value, full_value) values('O', 'Other');

INSERT INTO "department"(name, description) values('RIA', 'Rich Internet Applications');
INSERT INTO "department"(name, description) values('FRONT', 'Frontend developers');
INSERT INTO "department"(name, description) values('CLEANERS', 'Everything will be clean');
INSERT INTO "department"(name, description) values('SNIPER', 'A person who shoots from a hiding place, especially accurately and at long range.');
INSERT INTO "department"(name, description) values('ADMINS', 'CTRL+ALT+DEL');
INSERT INTO "department"(name, description) values('MANAGERS-1', 'Some text');

INSERT INTO "user"(gender_id, name, surname, patronymic, birthday, role_id, department_id) values(2, 'Аня', 'Егоровна', 'Ленова', '1947-05-22', 3, 6);
INSERT INTO "user"(gender_id, name, surname, patronymic, birthday, role_id, department_id) values(1, 'Коля', 'Максимович', 'Котлин', '1993-05-22', 2, 4);
INSERT INTO "user"(gender_id, name, surname, patronymic, birthday, role_id, department_id) values(1, 'Admin', 'Admin', 'Admin', '2018-05-22', 4, 5);
INSERT INTO "user"(gender_id, name, surname, patronymic, birthday, role_id, department_id) values(1, 'Андрей', 'Фролов', 'Панович', '1981-05-22', 2, 1);
INSERT INTO "user"(gender_id, name, surname, patronymic, birthday, role_id, department_id) values(1, 'Максим', 'Максимович', 'Максимов', '1945-05-22', 2, 2);
INSERT INTO "user"(gender_id, name, surname, patronymic, birthday, role_id, department_id) values(1, 'Дима', 'Максимович', 'Тестов', '1945-05-22', 2, 3);
INSERT INTO "user"(gender_id, name, surname, patronymic, birthday, role_id, department_id) values(1, 'Лена', 'Катева', 'Максимов', '1965-05-22', 3, 6);
INSERT INTO "user"(gender_id, name, surname, patronymic, birthday, role_id, department_id) values(1, 'Алёна', 'Кузьмина', 'Гаврилов', '1981-05-22', 2, 1);
INSERT INTO "user"(gender_id, name, surname, patronymic, birthday, role_id, department_id) values(1, 'Раиса', 'Дьячкова', 'Логинов', '1981-05-22', 2, 2);
INSERT INTO "user"(gender_id, name, surname, patronymic, birthday, role_id, department_id) values(1, 'Варвара', 'Никитин', 'Борисов', '1981-05-22', 2, 1);
INSERT INTO "user"(gender_id, name, surname, patronymic, birthday, role_id, department_id) values(1, 'Жанна', 'Полякова', 'Карпов', '1981-05-22', 2, 1);
INSERT INTO "user"(gender_id, name, surname, patronymic, birthday, role_id, department_id) values(1, 'Георгий', 'Матвеева', 'Ситников', '1981-05-22', 2, 1);
INSERT INTO "user"(gender_id, name, surname, patronymic, birthday, role_id, department_id) values(1, 'Никита', 'Стрелкова', 'Кузнецова', '1981-05-22', 2, 3);
INSERT INTO "user"(gender_id, name, surname, patronymic, birthday, role_id, department_id) values(1, 'Алексей', 'Щербаков', 'Лаврентьев', '1981-05-22', 2, 1);
INSERT INTO "user"(gender_id, name, surname, patronymic, birthday, role_id, department_id) values(1, 'Римма', 'Самсонова', 'Быкова', '1981-05-22', 2, 1);
INSERT INTO "user"(gender_id, name, surname, patronymic, birthday, role_id, department_id) values(1, 'Матвей', 'Турова', 'Карпов', '1981-05-22', 2, 1);
INSERT INTO "user"(gender_id, name, surname, patronymic, birthday, role_id, department_id) values(1, 'Фёдор', 'Пономарев', 'Козлова', '1981-05-22', 2, 2);
INSERT INTO "user"(gender_id, name, surname, patronymic, birthday, role_id, department_id) values(1, 'Семён', 'Андреев', 'Михайлова', '1981-05-22', 2, 1);
INSERT INTO "user"(gender_id, name, surname, patronymic, birthday, role_id, department_id) values(1, 'Вероника', 'Сысоев', 'Ларионов', '1981-05-22', 2, 1);
INSERT INTO "user"(gender_id, name, surname, patronymic, birthday, role_id, department_id) values(1, 'Аркадий', 'Гуляева', 'Сысоева', '1981-05-22', 2, 1);
INSERT INTO "user"(gender_id, name, surname, patronymic, birthday, role_id, department_id) values(1, 'Любовь', 'Тарасова', 'Мухина', '1981-05-22', 2, 3);
INSERT INTO "user"(gender_id, name, surname, patronymic, birthday, role_id, department_id) values(1, 'Лариса', 'Горбачева', 'Захарова', '1981-05-22', 2, 1);
INSERT INTO "user"(gender_id, name, surname, patronymic, birthday, role_id, department_id) values(1, 'Юрий', 'Никитин', 'Игнатьев', '1981-05-22', 2, 1);
INSERT INTO "user"(gender_id, name, surname, patronymic, birthday, role_id, department_id) values(1, 'Станислав', 'Бирюкова', 'Мясников', '1981-05-22', 2, 1);
INSERT INTO "user"(gender_id, name, surname, patronymic, birthday, role_id, department_id) values(1, 'Георгий', 'Зайцев', 'Константинова', '1981-05-22', 2, 2);
INSERT INTO "user"(gender_id, name, surname, patronymic, birthday, role_id, department_id) values(1, 'Жанна', 'Власова', 'Голубев', '1981-05-22', 3, 1);
INSERT INTO "user"(gender_id, name, surname, patronymic, birthday, role_id, department_id) values(1, 'Александр', 'Князев', 'Королев', '1981-05-22', 2, 1);
INSERT INTO "user"(gender_id, name, surname, patronymic, birthday, role_id, department_id) values(1, 'Семён', 'Тихонов', 'Кошелева', '1981-05-22', 2, 1);
INSERT INTO "user"(gender_id, name, surname, patronymic, birthday, role_id, department_id) values(2, 'Нина', 'Силина', 'Морозова', '1981-05-22', 2, 3);
INSERT INTO "user"(gender_id, name, surname, patronymic, birthday, role_id, department_id) values(1, 'Римма', 'Федосеев', 'Пахомов', '1981-05-22', 2, 1);
INSERT INTO "user"(gender_id, name, surname, patronymic, birthday, role_id, department_id) values(1, 'Александра', 'Гришин', 'Чернов', '1981-05-22', 2, 1);
INSERT INTO "user"(gender_id, name, surname, patronymic, birthday, role_id, department_id) values(1, 'Игорь', 'Орлов', 'Орехов', '1981-05-22', 2, 1);
INSERT INTO "user"(gender_id, name, surname, patronymic, birthday, role_id, department_id) values(1, 'Виктор', 'Белова', 'Соколов', '1981-05-22', 2, 1);
INSERT INTO "user"(gender_id, name, surname, patronymic, birthday, role_id, department_id) values(1, 'Роман', 'Шашкова', 'Наумов', '1981-05-22', 2, 1);
INSERT INTO "user"(gender_id, name, surname, patronymic, birthday, role_id, department_id) values(1, 'Александра', 'Савельева', 'Власова', '1981-05-22', 2, 2);
INSERT INTO "user"(gender_id, name, surname, patronymic, birthday, role_id, department_id) values(1, 'Андрей', 'Константинов', 'Константинов', '1981-05-22', 2, 1);
INSERT INTO "user"(gender_id, name, surname, patronymic, birthday, role_id, department_id) values(2, 'Вера', 'Морозова', 'Цветков', '1981-05-22', 2, 1);
INSERT INTO "user"(gender_id, name, surname, patronymic, birthday, role_id, department_id) values(2, 'Анна', 'Калинина', 'Веселова', '1981-05-22', 2, 1);
INSERT INTO "user"(gender_id, name, surname, patronymic, birthday, role_id, department_id) values(1, 'Валерия', 'Ильина', 'Князева', '1981-05-22', 2, 3);
INSERT INTO "user"(gender_id, name, surname, patronymic, birthday, role_id, department_id) values(1, 'Игнатий', 'Данилов', 'Коновалова', '1981-05-22', 2, 1);
INSERT INTO "user"(gender_id, name, surname, patronymic, birthday, role_id, department_id) values(1, 'Дарья', 'Колесникова', 'Дорофеева', '1981-05-22', 2, 1);
INSERT INTO "user"(gender_id, name, surname, patronymic, birthday, role_id, department_id) values(1, 'Валентина', 'Ермакова', 'Колесников', '1981-05-22', 2, 1);
INSERT INTO "user"(gender_id, name, surname, patronymic, birthday, role_id, department_id) values(1, 'Вероника', 'Кудрявцев', 'Матвеева', '1981-05-22', 2, 1);
INSERT INTO "user"(gender_id, name, surname, patronymic, birthday, role_id, department_id) values(1, 'Сергей', 'Александров', 'Михайлов', '1981-05-22', 2, 2);
INSERT INTO "user"(gender_id, name, surname, patronymic, birthday, role_id, department_id) values(1, 'Евгений', 'Шилов', 'Савина', '1981-05-22', 2, 1);
INSERT INTO "user"(gender_id, name, surname, patronymic, birthday, role_id, department_id) values(1, 'Светлана', 'Симонов', 'Селиверстова', '1981-05-22', 2, 1);
INSERT INTO "user"(gender_id, name, surname, patronymic, birthday, role_id, department_id) values(1, 'Иван', 'Голубева', 'Волкова', '1981-05-22', 2, 1);
INSERT INTO "user"(gender_id, name, surname, patronymic, birthday, role_id, department_id) values(1, 'Галина', 'Белова', 'Дорофеева', '1981-05-22', 2, 1);
INSERT INTO "user"(gender_id, name, surname, patronymic, birthday, role_id, department_id) values(1, 'Геннадий', 'Сысоев', 'Соболев', '1981-05-22', 3, 6);
INSERT INTO "user"(gender_id, name, surname, patronymic, birthday, role_id, department_id) values(1, 'Анатолий', 'Гурьева', 'Зуев', '1981-05-22', 2, 1);
INSERT INTO "user"(gender_id, name, surname, patronymic, birthday, role_id, department_id) values(1, 'Таисия', 'Третьяков', 'Павлов', '1981-05-22', 2, 1);
INSERT INTO "user"(gender_id, name, surname, patronymic, birthday, role_id, department_id) values(1, 'Валерия', 'Попов', 'Харитонова', '1981-05-22', 2, 3);
INSERT INTO "user"(gender_id, name, surname, patronymic, birthday, role_id, department_id) values(3, 'Егор', 'Колобова', 'Лебедева', '1981-05-22', 2, 1);
INSERT INTO "user"(gender_id, name, surname, patronymic, birthday, role_id, department_id) values(1, 'Анастасия', 'Александров', 'Гусева', '1981-05-22', 2, 1);
INSERT INTO "user"(gender_id, name, surname, patronymic, birthday, role_id, department_id) values(1, 'Иван', 'Новиков', 'Филатова', '1981-05-22', 2, 1);
INSERT INTO "user"(gender_id, name, surname, patronymic, birthday, role_id, department_id) values(1, 'Кира', 'Вишняков', 'Алексеева', '1981-05-22', 2, 1);
INSERT INTO "user"(gender_id, name, surname, patronymic, birthday, role_id, department_id) values(1, 'Василиса', 'Алексеев', 'Матвеев', '1981-05-22', 2, 2);
INSERT INTO "user"(gender_id, name, surname, patronymic, birthday, role_id, department_id) values(1, 'Антонина', 'Васильева', 'Фролова', '1981-05-22', 2, 1);
INSERT INTO "user"(gender_id, name, surname, patronymic, birthday, role_id, department_id) values(1, 'Дарья', 'Гущина', 'Гурьев', '1981-05-22', 2, 1);
INSERT INTO "user"(gender_id, name, surname, patronymic, birthday, role_id, department_id) values(1, 'Лаврентий', 'Полякова', 'Лаврентьева', '1981-05-22', 2, 1);
INSERT INTO "user"(gender_id, name, surname, patronymic, birthday, role_id, department_id) values(1, 'Лидия', 'Тимофеев', 'Муравьева', '1981-05-22', 2, 1);
INSERT INTO "user"(gender_id, name, surname, patronymic, birthday, role_id, department_id) values(1, 'Олег', 'Николаев', 'Семенова', '1981-05-22', 2, 3);
INSERT INTO "user"(gender_id, name, surname, patronymic, birthday, role_id, department_id) values(1, 'Игорь', 'Жуков', 'Сазонов', '1981-05-22', 2, 1);
INSERT INTO "user"(gender_id, name, surname, patronymic, birthday, role_id, department_id) values(1, 'Альберт', 'Русаков', 'Маслов', '1981-05-22', 2, 1);
INSERT INTO "user"(gender_id, name, surname, patronymic, birthday, role_id, department_id) values(1, 'Илья', 'Жданова', 'Носов', '1981-05-22', 2, 1);
INSERT INTO "user"(gender_id, name, surname, patronymic, birthday, role_id, department_id) values(1, 'Фёдор', 'Шестаков', 'Смирнова', '1981-05-22', 2, 1);
INSERT INTO "user"(gender_id, name, surname, patronymic, birthday, role_id, department_id) values(1, 'Ксения', 'Артемьева', 'Тетерин', '1981-05-22', 2, 2);
INSERT INTO "user"(gender_id, name, surname, patronymic, birthday, role_id, department_id) values(1, 'Никита', 'Одинцова', 'Тимофеева', '1981-05-22', 2, 1);
INSERT INTO "user"(gender_id, name, surname, patronymic, birthday, role_id, department_id) values(4, 'Лидия', 'Полякова', 'Бирюков', '1981-05-22', 3, 1);
INSERT INTO "user"(gender_id, name, surname, patronymic, birthday, role_id, department_id) values(1, 'Валерия', 'Мамонтова', 'Григорьев', '1981-05-22', 2, 1);
INSERT INTO "user"(gender_id, name, surname, patronymic, birthday, role_id, department_id) values(1, 'Анжелика', 'Родионова', 'Матвеева', '1981-05-22', 2, 1);
INSERT INTO "user"(gender_id, name, surname, patronymic, birthday, role_id, department_id) values(1, 'Алексей', 'Кабанов', 'Корнилова', '1981-05-22', 2, 3);
INSERT INTO "user"(gender_id, name, surname, patronymic, birthday, role_id, department_id) values(1, 'Макар', 'Шаров', 'Корнилова', '1981-05-22', 2, 1);
INSERT INTO "user"(gender_id, name, surname, patronymic, birthday, role_id, department_id) values(1, 'Геннадий', 'Николаев', 'Капустина', '1981-05-22', 2, 1);
INSERT INTO "user"(gender_id, name, surname, patronymic, birthday, role_id, department_id) values(1, 'Жанна', 'Крылов', 'Третьякова', '1981-05-22', 2, 1);
INSERT INTO "user"(gender_id, name, surname, patronymic, birthday, role_id, department_id) values(2, 'София', 'Петухова', 'Баранова', '1981-05-22', 2, 1);
INSERT INTO "user"(gender_id, name, surname, patronymic, birthday, role_id, department_id) values(1, 'Анатолий', 'Ефремов', 'Филатова', '1981-05-22', 2, 2);
INSERT INTO "user"(gender_id, name, surname, patronymic, birthday, role_id, department_id) values(1, 'Вероника', 'Селезнев', 'Чернов', '1981-05-22', 2, 1);
INSERT INTO "user"(gender_id, name, surname, patronymic, birthday, role_id, department_id) values(1, 'Анжелика', 'Константинова', 'Рыбаков', '1981-05-22', 2, 1);
INSERT INTO "user"(gender_id, name, surname, patronymic, birthday, role_id, department_id) values(1, 'Денис', 'Пестов', 'Прохоров', '1981-05-22', 2, 1);
INSERT INTO "user"(gender_id, name, surname, patronymic, birthday, role_id, department_id) values(1, 'Алевтина', 'Марков', 'Филиппов', '1981-05-22', 2, 1);
INSERT INTO "user"(gender_id, name, surname, patronymic, birthday, role_id, department_id) values(1, 'Валентин', 'Пахомова', 'Константинова', '1981-05-22', 2, 1);
INSERT INTO "user"(gender_id, name, surname, patronymic, birthday, role_id, department_id) values(1, 'Анфиса', 'Быкова', 'Шарапов', '1981-05-22', 2, 1);
INSERT INTO "user"(gender_id, name, surname, patronymic, birthday, role_id, department_id) values(1, 'Анжелика', 'Лыткина', 'Лаврентьева', '1981-05-22', 2, 1);
INSERT INTO "user"(gender_id, name, surname, patronymic, birthday, role_id, department_id) values(1, 'Василиса', 'Федосеев', 'Владимиров', '1981-05-22', 2, 3);
INSERT INTO "user"(gender_id, name, surname, patronymic, birthday, role_id, department_id) values(1, 'Анна', 'Сафонов', 'Зыков', '1981-05-22', 2, 1);
INSERT INTO "user"(gender_id, name, surname, patronymic, birthday, role_id, department_id) values(1, 'Татьяна', 'Григорьева', 'Соболева', '1981-05-22', 2, 1);
INSERT INTO "user"(gender_id, name, surname, patronymic, birthday, role_id, department_id) values(2, 'Ольга', 'Козлова', 'Алексеев', '1981-05-22', 2, 1);
INSERT INTO "user"(gender_id, name, surname, patronymic, birthday, role_id, department_id) values(1, 'Вячеслав', 'Дьячков', 'Савин', '1981-05-22', 2, 2);
INSERT INTO "user"(gender_id, name, surname, patronymic, birthday, role_id, department_id) values(3, 'Игнатий', 'Самсонов', 'Зыков', '1981-05-22', 2, 1);
INSERT INTO "user"(gender_id, name, surname, patronymic, birthday, role_id, department_id) values(1, 'Регина', 'Королев', 'Одинцов', '1981-05-22', 2, 3);
INSERT INTO "user"(gender_id, name, surname, patronymic, birthday, role_id, department_id) values(1, 'Василиса', 'Егорова', 'Кузьмина', '1981-05-22', 2, 1);
INSERT INTO "user"(gender_id, name, surname, patronymic, birthday, role_id, department_id) values(2, 'Валерия', 'Щербаков', 'Титов', '1981-05-22', 2, 1);

INSERT INTO "credentials"(user_id, login, password) values(1, 'andry23154', '$2a$10$w9Xvn7V.w6XTMoCrLyPIX.X/gnSaSavaRhO2yVEFNwrlb4kqj4jhe');
INSERT INTO "credentials"(user_id, login, password) values(2, 'slon', '$2a$10$w9Xvn7V.w6XTMoCrLyPIX.X/gnSaSavaRhO2yVEFNwrlb4kqj4jhe');
INSERT INTO "credentials"(user_id, login, password) values(3, 'dimatank', '$2a$10$w9Xvn7V.w6XTMoCrLyPIX.X/gnSaSavaRhO2yVEFNwrlb4kqj4jhe');
INSERT INTO "credentials"(user_id, login, password) values(4, 'elena22', '$2a$10$w9Xvn7V.w6XTMoCrLyPIX.X/gnSaSavaRhO2yVEFNwrlb4kqj4jhe');
INSERT INTO "credentials"(user_id, login, password) values(5, 'annamanager', '$2a$10$w9Xvn7V.w6XTMoCrLyPIX.X/gnSaSavaRhO2yVEFNwrlb4kqj4jhe');
INSERT INTO "credentials"(user_id, login, password) values(6, 'user', '$2a$10$w9Xvn7V.w6XTMoCrLyPIX.X/gnSaSavaRhO2yVEFNwrlb4kqj4jhe');
INSERT INTO "credentials"(user_id, login, password) values(7, 'admin', '$2a$10$dt1Jmg.w/sgjVSo2u7Vks.CD6wOGe2PqX.vB9uVPfVswyIeS99/46');
INSERT INTO "credentials"(user_id, login, password) values(8, 'user8', '$2a$10$w9Xvn7V.w6XTMoCrLyPIX.X/gnSaSavaRhO2yVEFNwrlb4kqj4jhe');
INSERT INTO "credentials"(user_id, login, password) values(9, 'user9', '$2a$10$w9Xvn7V.w6XTMoCrLyPIX.X/gnSaSavaRhO2yVEFNwrlb4kqj4jhe');
INSERT INTO "credentials"(user_id, login, password) values(10, 'user10', '$2a$10$w9Xvn7V.w6XTMoCrLyPIX.X/gnSaSavaRhO2yVEFNwrlb4kqj4jhe');
INSERT INTO "credentials"(user_id, login, password) values(11, 'user11', '$2a$10$w9Xvn7V.w6XTMoCrLyPIX.X/gnSaSavaRhO2yVEFNwrlb4kqj4jhe');
INSERT INTO "credentials"(user_id, login, password) values(12, 'user12', '$2a$10$w9Xvn7V.w6XTMoCrLyPIX.X/gnSaSavaRhO2yVEFNwrlb4kqj4jhe');
INSERT INTO "credentials"(user_id, login, password) values(13, 'user13', '$2a$10$w9Xvn7V.w6XTMoCrLyPIX.X/gnSaSavaRhO2yVEFNwrlb4kqj4jhe');
INSERT INTO "credentials"(user_id, login, password) values(14, 'user14', '$2a$10$w9Xvn7V.w6XTMoCrLyPIX.X/gnSaSavaRhO2yVEFNwrlb4kqj4jhe');
INSERT INTO "credentials"(user_id, login, password) values(15, 'user15', '$2a$10$w9Xvn7V.w6XTMoCrLyPIX.X/gnSaSavaRhO2yVEFNwrlb4kqj4jhe');
INSERT INTO "credentials"(user_id, login, password) values(16, 'user16', '$2a$10$w9Xvn7V.w6XTMoCrLyPIX.X/gnSaSavaRhO2yVEFNwrlb4kqj4jhe');
INSERT INTO "credentials"(user_id, login, password) values(17, 'user17', '$2a$10$w9Xvn7V.w6XTMoCrLyPIX.X/gnSaSavaRhO2yVEFNwrlb4kqj4jhe');
INSERT INTO "credentials"(user_id, login, password) values(18, 'user18', '$2a$10$w9Xvn7V.w6XTMoCrLyPIX.X/gnSaSavaRhO2yVEFNwrlb4kqj4jhe');
INSERT INTO "credentials"(user_id, login, password) values(19, 'user19', '$2a$10$w9Xvn7V.w6XTMoCrLyPIX.X/gnSaSavaRhO2yVEFNwrlb4kqj4jhe');
INSERT INTO "credentials"(user_id, login, password) values(20, 'user20', '$2a$10$w9Xvn7V.w6XTMoCrLyPIX.X/gnSaSavaRhO2yVEFNwrlb4kqj4jhe');
INSERT INTO "credentials"(user_id, login, password) values(21, 'user21', '$2a$10$w9Xvn7V.w6XTMoCrLyPIX.X/gnSaSavaRhO2yVEFNwrlb4kqj4jhe');
INSERT INTO "credentials"(user_id, login, password) values(22, 'user22', '$2a$10$w9Xvn7V.w6XTMoCrLyPIX.X/gnSaSavaRhO2yVEFNwrlb4kqj4jhe');
INSERT INTO "credentials"(user_id, login, password) values(23, 'user23', '$2a$10$w9Xvn7V.w6XTMoCrLyPIX.X/gnSaSavaRhO2yVEFNwrlb4kqj4jhe');
INSERT INTO "credentials"(user_id, login, password) values(24, 'user24', '$2a$10$w9Xvn7V.w6XTMoCrLyPIX.X/gnSaSavaRhO2yVEFNwrlb4kqj4jhe');
INSERT INTO "credentials"(user_id, login, password) values(25, 'user25', '$2a$10$w9Xvn7V.w6XTMoCrLyPIX.X/gnSaSavaRhO2yVEFNwrlb4kqj4jhe');
INSERT INTO "credentials"(user_id, login, password) values(26, 'user26', '$2a$10$w9Xvn7V.w6XTMoCrLyPIX.X/gnSaSavaRhO2yVEFNwrlb4kqj4jhe');
INSERT INTO "credentials"(user_id, login, password) values(27, 'user27', '$2a$10$w9Xvn7V.w6XTMoCrLyPIX.X/gnSaSavaRhO2yVEFNwrlb4kqj4jhe');
INSERT INTO "credentials"(user_id, login, password) values(28, 'user28', '$2a$10$w9Xvn7V.w6XTMoCrLyPIX.X/gnSaSavaRhO2yVEFNwrlb4kqj4jhe');
INSERT INTO "credentials"(user_id, login, password) values(29, 'user29', '$2a$10$w9Xvn7V.w6XTMoCrLyPIX.X/gnSaSavaRhO2yVEFNwrlb4kqj4jhe');
INSERT INTO "credentials"(user_id, login, password) values(30, 'user30', '$2a$10$w9Xvn7V.w6XTMoCrLyPIX.X/gnSaSavaRhO2yVEFNwrlb4kqj4jhe');
INSERT INTO "credentials"(user_id, login, password) values(31, 'user31', '$2a$10$w9Xvn7V.w6XTMoCrLyPIX.X/gnSaSavaRhO2yVEFNwrlb4kqj4jhe');
INSERT INTO "credentials"(user_id, login, password) values(32, 'user32', '$2a$10$w9Xvn7V.w6XTMoCrLyPIX.X/gnSaSavaRhO2yVEFNwrlb4kqj4jhe');
INSERT INTO "credentials"(user_id, login, password) values(33, 'user33', '$2a$10$w9Xvn7V.w6XTMoCrLyPIX.X/gnSaSavaRhO2yVEFNwrlb4kqj4jhe');
INSERT INTO "credentials"(user_id, login, password) values(34, 'user34', '$2a$10$w9Xvn7V.w6XTMoCrLyPIX.X/gnSaSavaRhO2yVEFNwrlb4kqj4jhe');
INSERT INTO "credentials"(user_id, login, password) values(35, 'user35', '$2a$10$w9Xvn7V.w6XTMoCrLyPIX.X/gnSaSavaRhO2yVEFNwrlb4kqj4jhe');
INSERT INTO "credentials"(user_id, login, password) values(36, 'user36', '$2a$10$w9Xvn7V.w6XTMoCrLyPIX.X/gnSaSavaRhO2yVEFNwrlb4kqj4jhe');
INSERT INTO "credentials"(user_id, login, password) values(37, 'user37', '$2a$10$w9Xvn7V.w6XTMoCrLyPIX.X/gnSaSavaRhO2yVEFNwrlb4kqj4jhe');
INSERT INTO "credentials"(user_id, login, password) values(38, 'user38', '$2a$10$w9Xvn7V.w6XTMoCrLyPIX.X/gnSaSavaRhO2yVEFNwrlb4kqj4jhe');
INSERT INTO "credentials"(user_id, login, password) values(39, 'user39', '$2a$10$w9Xvn7V.w6XTMoCrLyPIX.X/gnSaSavaRhO2yVEFNwrlb4kqj4jhe');
INSERT INTO "credentials"(user_id, login, password) values(40, 'user40', '$2a$10$w9Xvn7V.w6XTMoCrLyPIX.X/gnSaSavaRhO2yVEFNwrlb4kqj4jhe');
INSERT INTO "credentials"(user_id, login, password) values(41, 'user41', '$2a$10$w9Xvn7V.w6XTMoCrLyPIX.X/gnSaSavaRhO2yVEFNwrlb4kqj4jhe');
INSERT INTO "credentials"(user_id, login, password) values(42, 'user42', '$2a$10$w9Xvn7V.w6XTMoCrLyPIX.X/gnSaSavaRhO2yVEFNwrlb4kqj4jhe');
INSERT INTO "credentials"(user_id, login, password) values(43, 'user43', '$2a$10$w9Xvn7V.w6XTMoCrLyPIX.X/gnSaSavaRhO2yVEFNwrlb4kqj4jhe');
INSERT INTO "credentials"(user_id, login, password) values(44, 'user44', '$2a$10$w9Xvn7V.w6XTMoCrLyPIX.X/gnSaSavaRhO2yVEFNwrlb4kqj4jhe');
INSERT INTO "credentials"(user_id, login, password) values(45, 'user45', '$2a$10$w9Xvn7V.w6XTMoCrLyPIX.X/gnSaSavaRhO2yVEFNwrlb4kqj4jhe');
INSERT INTO "credentials"(user_id, login, password) values(46, 'user46', '$2a$10$w9Xvn7V.w6XTMoCrLyPIX.X/gnSaSavaRhO2yVEFNwrlb4kqj4jhe');
INSERT INTO "credentials"(user_id, login, password) values(47, 'user47', '$2a$10$w9Xvn7V.w6XTMoCrLyPIX.X/gnSaSavaRhO2yVEFNwrlb4kqj4jhe');
INSERT INTO "credentials"(user_id, login, password) values(48, 'user48', '$2a$10$w9Xvn7V.w6XTMoCrLyPIX.X/gnSaSavaRhO2yVEFNwrlb4kqj4jhe');
INSERT INTO "credentials"(user_id, login, password) values(49, 'user49', '$2a$10$w9Xvn7V.w6XTMoCrLyPIX.X/gnSaSavaRhO2yVEFNwrlb4kqj4jhe');
INSERT INTO "credentials"(user_id, login, password) values(50, 'user50', '$2a$10$w9Xvn7V.w6XTMoCrLyPIX.X/gnSaSavaRhO2yVEFNwrlb4kqj4jhe');
INSERT INTO "credentials"(user_id, login, password) values(51, 'user51', '$2a$10$w9Xvn7V.w6XTMoCrLyPIX.X/gnSaSavaRhO2yVEFNwrlb4kqj4jhe');
INSERT INTO "credentials"(user_id, login, password) values(52, 'user52', '$2a$10$w9Xvn7V.w6XTMoCrLyPIX.X/gnSaSavaRhO2yVEFNwrlb4kqj4jhe');
INSERT INTO "credentials"(user_id, login, password) values(53, 'user53', '$2a$10$w9Xvn7V.w6XTMoCrLyPIX.X/gnSaSavaRhO2yVEFNwrlb4kqj4jhe');
INSERT INTO "credentials"(user_id, login, password) values(54, 'user54', '$2a$10$w9Xvn7V.w6XTMoCrLyPIX.X/gnSaSavaRhO2yVEFNwrlb4kqj4jhe');
INSERT INTO "credentials"(user_id, login, password) values(55, 'user55', '$2a$10$w9Xvn7V.w6XTMoCrLyPIX.X/gnSaSavaRhO2yVEFNwrlb4kqj4jhe');
INSERT INTO "credentials"(user_id, login, password) values(56, 'user56', '$2a$10$w9Xvn7V.w6XTMoCrLyPIX.X/gnSaSavaRhO2yVEFNwrlb4kqj4jhe');
INSERT INTO "credentials"(user_id, login, password) values(57, 'user57', '$2a$10$w9Xvn7V.w6XTMoCrLyPIX.X/gnSaSavaRhO2yVEFNwrlb4kqj4jhe');
INSERT INTO "credentials"(user_id, login, password) values(58, 'user58', '$2a$10$w9Xvn7V.w6XTMoCrLyPIX.X/gnSaSavaRhO2yVEFNwrlb4kqj4jhe');
INSERT INTO "credentials"(user_id, login, password) values(59, 'user59', '$2a$10$w9Xvn7V.w6XTMoCrLyPIX.X/gnSaSavaRhO2yVEFNwrlb4kqj4jhe');
INSERT INTO "credentials"(user_id, login, password) values(60, 'user60', '$2a$10$w9Xvn7V.w6XTMoCrLyPIX.X/gnSaSavaRhO2yVEFNwrlb4kqj4jhe');
INSERT INTO "credentials"(user_id, login, password) values(61, 'user61', '$2a$10$w9Xvn7V.w6XTMoCrLyPIX.X/gnSaSavaRhO2yVEFNwrlb4kqj4jhe');
INSERT INTO "credentials"(user_id, login, password) values(62, 'user62', '$2a$10$w9Xvn7V.w6XTMoCrLyPIX.X/gnSaSavaRhO2yVEFNwrlb4kqj4jhe');
INSERT INTO "credentials"(user_id, login, password) values(63, 'user63', '$2a$10$w9Xvn7V.w6XTMoCrLyPIX.X/gnSaSavaRhO2yVEFNwrlb4kqj4jhe');
INSERT INTO "credentials"(user_id, login, password) values(64, 'user64', '$2a$10$w9Xvn7V.w6XTMoCrLyPIX.X/gnSaSavaRhO2yVEFNwrlb4kqj4jhe');
INSERT INTO "credentials"(user_id, login, password) values(65, 'user65', '$2a$10$w9Xvn7V.w6XTMoCrLyPIX.X/gnSaSavaRhO2yVEFNwrlb4kqj4jhe');
INSERT INTO "credentials"(user_id, login, password) values(66, 'user66', '$2a$10$w9Xvn7V.w6XTMoCrLyPIX.X/gnSaSavaRhO2yVEFNwrlb4kqj4jhe');
INSERT INTO "credentials"(user_id, login, password) values(67, 'user67', '$2a$10$w9Xvn7V.w6XTMoCrLyPIX.X/gnSaSavaRhO2yVEFNwrlb4kqj4jhe');
INSERT INTO "credentials"(user_id, login, password) values(68, 'user68', '$2a$10$w9Xvn7V.w6XTMoCrLyPIX.X/gnSaSavaRhO2yVEFNwrlb4kqj4jhe');
INSERT INTO "credentials"(user_id, login, password) values(69, 'user69', '$2a$10$w9Xvn7V.w6XTMoCrLyPIX.X/gnSaSavaRhO2yVEFNwrlb4kqj4jhe');
INSERT INTO "credentials"(user_id, login, password) values(70, 'user70', '$2a$10$w9Xvn7V.w6XTMoCrLyPIX.X/gnSaSavaRhO2yVEFNwrlb4kqj4jhe');
INSERT INTO "credentials"(user_id, login, password) values(71, 'user71', '$2a$10$w9Xvn7V.w6XTMoCrLyPIX.X/gnSaSavaRhO2yVEFNwrlb4kqj4jhe');
INSERT INTO "credentials"(user_id, login, password) values(72, 'user72', '$2a$10$w9Xvn7V.w6XTMoCrLyPIX.X/gnSaSavaRhO2yVEFNwrlb4kqj4jhe');
INSERT INTO "credentials"(user_id, login, password) values(73, 'user73', '$2a$10$w9Xvn7V.w6XTMoCrLyPIX.X/gnSaSavaRhO2yVEFNwrlb4kqj4jhe');
INSERT INTO "credentials"(user_id, login, password) values(74, 'user74', '$2a$10$w9Xvn7V.w6XTMoCrLyPIX.X/gnSaSavaRhO2yVEFNwrlb4kqj4jhe');
INSERT INTO "credentials"(user_id, login, password) values(75, 'user75', '$2a$10$w9Xvn7V.w6XTMoCrLyPIX.X/gnSaSavaRhO2yVEFNwrlb4kqj4jhe');
INSERT INTO "credentials"(user_id, login, password) values(76, 'user76', '$2a$10$w9Xvn7V.w6XTMoCrLyPIX.X/gnSaSavaRhO2yVEFNwrlb4kqj4jhe');
INSERT INTO "credentials"(user_id, login, password) values(77, 'user77', '$2a$10$w9Xvn7V.w6XTMoCrLyPIX.X/gnSaSavaRhO2yVEFNwrlb4kqj4jhe');
INSERT INTO "credentials"(user_id, login, password) values(78, 'user78', '$2a$10$w9Xvn7V.w6XTMoCrLyPIX.X/gnSaSavaRhO2yVEFNwrlb4kqj4jhe');
INSERT INTO "credentials"(user_id, login, password) values(79, 'user79', '$2a$10$w9Xvn7V.w6XTMoCrLyPIX.X/gnSaSavaRhO2yVEFNwrlb4kqj4jhe');
INSERT INTO "credentials"(user_id, login, password) values(80, 'user80', '$2a$10$w9Xvn7V.w6XTMoCrLyPIX.X/gnSaSavaRhO2yVEFNwrlb4kqj4jhe');
INSERT INTO "credentials"(user_id, login, password) values(81, 'user81', '$2a$10$w9Xvn7V.w6XTMoCrLyPIX.X/gnSaSavaRhO2yVEFNwrlb4kqj4jhe');
INSERT INTO "credentials"(user_id, login, password) values(82, 'user82', '$2a$10$w9Xvn7V.w6XTMoCrLyPIX.X/gnSaSavaRhO2yVEFNwrlb4kqj4jhe');
INSERT INTO "credentials"(user_id, login, password) values(83, 'user83', '$2a$10$w9Xvn7V.w6XTMoCrLyPIX.X/gnSaSavaRhO2yVEFNwrlb4kqj4jhe');
INSERT INTO "credentials"(user_id, login, password) values(84, 'user84', '$2a$10$w9Xvn7V.w6XTMoCrLyPIX.X/gnSaSavaRhO2yVEFNwrlb4kqj4jhe');
INSERT INTO "credentials"(user_id, login, password) values(85, 'user85', '$2a$10$w9Xvn7V.w6XTMoCrLyPIX.X/gnSaSavaRhO2yVEFNwrlb4kqj4jhe');
INSERT INTO "credentials"(user_id, login, password) values(86, 'user86', '$2a$10$w9Xvn7V.w6XTMoCrLyPIX.X/gnSaSavaRhO2yVEFNwrlb4kqj4jhe');
INSERT INTO "credentials"(user_id, login, password) values(87, 'user87', '$2a$10$w9Xvn7V.w6XTMoCrLyPIX.X/gnSaSavaRhO2yVEFNwrlb4kqj4jhe');
INSERT INTO "credentials"(user_id, login, password) values(88, 'user88', '$2a$10$w9Xvn7V.w6XTMoCrLyPIX.X/gnSaSavaRhO2yVEFNwrlb4kqj4jhe');
INSERT INTO "credentials"(user_id, login, password) values(89, 'user89', '$2a$10$w9Xvn7V.w6XTMoCrLyPIX.X/gnSaSavaRhO2yVEFNwrlb4kqj4jhe');
INSERT INTO "credentials"(user_id, login, password) values(90, 'user90', '$2a$10$w9Xvn7V.w6XTMoCrLyPIX.X/gnSaSavaRhO2yVEFNwrlb4kqj4jhe');
INSERT INTO "credentials"(user_id, login, password) values(91, 'user91', '$2a$10$w9Xvn7V.w6XTMoCrLyPIX.X/gnSaSavaRhO2yVEFNwrlb4kqj4jhe');
INSERT INTO "credentials"(user_id, login, password) values(92, 'user92', '$2a$10$w9Xvn7V.w6XTMoCrLyPIX.X/gnSaSavaRhO2yVEFNwrlb4kqj4jhe');

INSERT INTO contact(user_id, value, type) values(1, '+3753322348723', 'PHONE');
INSERT INTO contact(user_id, value, type) values(2, '+3753322345638', 'PHONE');
INSERT INTO contact(user_id, value, type) values(3, '+3234545321673', 'PHONE');
INSERT INTO contact(user_id, value, type) values(4, '+3758955467543', 'PHONE');
INSERT INTO contact(user_id, value, type) values(5, '+3753456323455', 'PHONE');
INSERT INTO contact(user_id, value, type) values(6, '+3754574567445', 'PHONE');
INSERT INTO contact(user_id, value, type) values(1, 'hsakdjf@gmail.com', 'EMAIL');
INSERT INTO contact(user_id, value, type) values(2, 'asdfa@gmail.com', 'EMAIL');
INSERT INTO contact(user_id, value, type) values(3, 'dfghdfgh@gmail.com', 'EMAIL');
INSERT INTO contact(user_id, value, type) values(4, 'asdfasdf@gmail.com', 'EMAIL');
INSERT INTO contact(user_id, value, type) values(5, 'hdftrte@gmail.com', 'EMAIL');
INSERT INTO contact(user_id, value, type) values(6, 'werdfg@gmail.com', 'EMAIL');
INSERT INTO contact(user_id, value, type) values(7, 'test@gmail.com', 'EMAIL');
INSERT INTO contact(user_id, value, type) values(7, '+3754577567745', 'PHONE');
INSERT INTO contact(user_id, value, type) values(8, 'test@gmail.com', 'EMAIL');
INSERT INTO contact(user_id, value, type) values(8, '+3754578567845', 'PHONE');
INSERT INTO contact(user_id, value, type) values(9, 'test@gmail.com', 'EMAIL');
INSERT INTO contact(user_id, value, type) values(9, '+3754579567945', 'PHONE');
INSERT INTO contact(user_id, value, type) values(10, 'test@gmail.com', 'EMAIL');
INSERT INTO contact(user_id, value, type) values(10, '+3754570567045', 'PHONE');
INSERT INTO contact(user_id, value, type) values(11, 'test@gmail.com', 'EMAIL');
INSERT INTO contact(user_id, value, type) values(11, '+3754571567145', 'PHONE');
INSERT INTO contact(user_id, value, type) values(12, 'test@gmail.com', 'EMAIL');
INSERT INTO contact(user_id, value, type) values(12, '+3754572567245', 'PHONE');
INSERT INTO contact(user_id, value, type) values(13, 'test@gmail.com', 'EMAIL');
INSERT INTO contact(user_id, value, type) values(13, '+3754573567345', 'PHONE');
INSERT INTO contact(user_id, value, type) values(14, 'test@gmail.com', 'EMAIL');
INSERT INTO contact(user_id, value, type) values(14, '+3754574567445', 'PHONE');
INSERT INTO contact(user_id, value, type) values(15, 'test@gmail.com', 'EMAIL');
INSERT INTO contact(user_id, value, type) values(15, '+3754575567545', 'PHONE');
INSERT INTO contact(user_id, value, type) values(16, 'test@gmail.com', 'EMAIL');
INSERT INTO contact(user_id, value, type) values(16, '+3754576567645', 'PHONE');
INSERT INTO contact(user_id, value, type) values(17, 'test@gmail.com', 'EMAIL');
INSERT INTO contact(user_id, value, type) values(17, '+3754577567745', 'PHONE');
INSERT INTO contact(user_id, value, type) values(18, 'test@gmail.com', 'EMAIL');
INSERT INTO contact(user_id, value, type) values(18, '+3754578567845', 'PHONE');
INSERT INTO contact(user_id, value, type) values(19, 'test@gmail.com', 'EMAIL');
INSERT INTO contact(user_id, value, type) values(19, '+3754579567945', 'PHONE');
INSERT INTO contact(user_id, value, type) values(20, 'test@gmail.com', 'EMAIL');
INSERT INTO contact(user_id, value, type) values(20, '+3754570567045', 'PHONE');
INSERT INTO contact(user_id, value, type) values(21, 'test@gmail.com', 'EMAIL');
INSERT INTO contact(user_id, value, type) values(21, '+3754571567145', 'PHONE');
INSERT INTO contact(user_id, value, type) values(22, 'test@gmail.com', 'EMAIL');
INSERT INTO contact(user_id, value, type) values(22, '+3754572567245', 'PHONE');
INSERT INTO contact(user_id, value, type) values(23, 'test@gmail.com', 'EMAIL');
INSERT INTO contact(user_id, value, type) values(23, '+3754573567345', 'PHONE');
INSERT INTO contact(user_id, value, type) values(24, 'test@gmail.com', 'EMAIL');
INSERT INTO contact(user_id, value, type) values(24, '+3754574567445', 'PHONE');
INSERT INTO contact(user_id, value, type) values(25, 'test@gmail.com', 'EMAIL');
INSERT INTO contact(user_id, value, type) values(25, '+3754575567545', 'PHONE');
INSERT INTO contact(user_id, value, type) values(26, 'test@gmail.com', 'EMAIL');
INSERT INTO contact(user_id, value, type) values(26, '+3754576567645', 'PHONE');
INSERT INTO contact(user_id, value, type) values(27, 'test@gmail.com', 'EMAIL');
INSERT INTO contact(user_id, value, type) values(27, '+3754577567745', 'PHONE');
INSERT INTO contact(user_id, value, type) values(28, 'test@gmail.com', 'EMAIL');
INSERT INTO contact(user_id, value, type) values(28, '+3754578567845', 'PHONE');
INSERT INTO contact(user_id, value, type) values(29, 'test@gmail.com', 'EMAIL');
INSERT INTO contact(user_id, value, type) values(29, '+3754579567945', 'PHONE');
INSERT INTO contact(user_id, value, type) values(30, 'test@gmail.com', 'EMAIL');
INSERT INTO contact(user_id, value, type) values(30, '+3754570567045', 'PHONE');
INSERT INTO contact(user_id, value, type) values(31, 'test@gmail.com', 'EMAIL');
INSERT INTO contact(user_id, value, type) values(31, '+3754571567145', 'PHONE');
INSERT INTO contact(user_id, value, type) values(32, 'test@gmail.com', 'EMAIL');
INSERT INTO contact(user_id, value, type) values(32, '+3754572567245', 'PHONE');
INSERT INTO contact(user_id, value, type) values(33, 'test@gmail.com', 'EMAIL');
INSERT INTO contact(user_id, value, type) values(33, '+3754573567345', 'PHONE');
INSERT INTO contact(user_id, value, type) values(34, 'test@gmail.com', 'EMAIL');
INSERT INTO contact(user_id, value, type) values(34, '+3754574567445', 'PHONE');
INSERT INTO contact(user_id, value, type) values(35, 'test@gmail.com', 'EMAIL');
INSERT INTO contact(user_id, value, type) values(35, '+3754575567545', 'PHONE');
INSERT INTO contact(user_id, value, type) values(36, 'test@gmail.com', 'EMAIL');
INSERT INTO contact(user_id, value, type) values(36, '+3754576567645', 'PHONE');
INSERT INTO contact(user_id, value, type) values(37, 'test@gmail.com', 'EMAIL');
INSERT INTO contact(user_id, value, type) values(37, '+3754577567745', 'PHONE');
INSERT INTO contact(user_id, value, type) values(38, 'test@gmail.com', 'EMAIL');
INSERT INTO contact(user_id, value, type) values(38, '+3754578567845', 'PHONE');
INSERT INTO contact(user_id, value, type) values(39, 'test@gmail.com', 'EMAIL');
INSERT INTO contact(user_id, value, type) values(39, '+3754579567945', 'PHONE');
INSERT INTO contact(user_id, value, type) values(40, 'test@gmail.com', 'EMAIL');
INSERT INTO contact(user_id, value, type) values(40, '+3754570567045', 'PHONE');
INSERT INTO contact(user_id, value, type) values(41, 'test@gmail.com', 'EMAIL');
INSERT INTO contact(user_id, value, type) values(41, '+3754571567145', 'PHONE');
INSERT INTO contact(user_id, value, type) values(42, 'test@gmail.com', 'EMAIL');
INSERT INTO contact(user_id, value, type) values(42, '+3754572567245', 'PHONE');
INSERT INTO contact(user_id, value, type) values(43, 'test@gmail.com', 'EMAIL');
INSERT INTO contact(user_id, value, type) values(43, '+3754573567345', 'PHONE');
INSERT INTO contact(user_id, value, type) values(44, 'test@gmail.com', 'EMAIL');
INSERT INTO contact(user_id, value, type) values(44, '+3754574567445', 'PHONE');
INSERT INTO contact(user_id, value, type) values(45, 'test@gmail.com', 'EMAIL');
INSERT INTO contact(user_id, value, type) values(45, '+3754575567545', 'PHONE');
INSERT INTO contact(user_id, value, type) values(46, 'test@gmail.com', 'EMAIL');
INSERT INTO contact(user_id, value, type) values(46, '+3754576567645', 'PHONE');
INSERT INTO contact(user_id, value, type) values(47, 'test@gmail.com', 'EMAIL');
INSERT INTO contact(user_id, value, type) values(47, '+3754577567745', 'PHONE');
INSERT INTO contact(user_id, value, type) values(48, 'test@gmail.com', 'EMAIL');
INSERT INTO contact(user_id, value, type) values(48, '+3754578567845', 'PHONE');
INSERT INTO contact(user_id, value, type) values(49, 'test@gmail.com', 'EMAIL');
INSERT INTO contact(user_id, value, type) values(49, '+3754579567945', 'PHONE');
INSERT INTO contact(user_id, value, type) values(50, 'test@gmail.com', 'EMAIL');
INSERT INTO contact(user_id, value, type) values(50, '+3754570567045', 'PHONE');
INSERT INTO contact(user_id, value, type) values(51, 'test@gmail.com', 'EMAIL');
INSERT INTO contact(user_id, value, type) values(51, '+3754571567145', 'PHONE');
INSERT INTO contact(user_id, value, type) values(52, 'test@gmail.com', 'EMAIL');
INSERT INTO contact(user_id, value, type) values(52, '+3754572567245', 'PHONE');
INSERT INTO contact(user_id, value, type) values(53, 'test@gmail.com', 'EMAIL');
INSERT INTO contact(user_id, value, type) values(53, '+3754573567345', 'PHONE');
INSERT INTO contact(user_id, value, type) values(54, 'test@gmail.com', 'EMAIL');
INSERT INTO contact(user_id, value, type) values(54, '+3754574567445', 'PHONE');
INSERT INTO contact(user_id, value, type) values(55, 'test@gmail.com', 'EMAIL');
INSERT INTO contact(user_id, value, type) values(55, '+3754575567545', 'PHONE');
INSERT INTO contact(user_id, value, type) values(56, 'test@gmail.com', 'EMAIL');
INSERT INTO contact(user_id, value, type) values(56, '+3754576567645', 'PHONE');
INSERT INTO contact(user_id, value, type) values(57, 'test@gmail.com', 'EMAIL');
INSERT INTO contact(user_id, value, type) values(57, '+3754577567745', 'PHONE');
INSERT INTO contact(user_id, value, type) values(58, 'test@gmail.com', 'EMAIL');
INSERT INTO contact(user_id, value, type) values(58, '+3754578567845', 'PHONE');
INSERT INTO contact(user_id, value, type) values(59, 'test@gmail.com', 'EMAIL');
INSERT INTO contact(user_id, value, type) values(59, '+3754579567945', 'PHONE');
INSERT INTO contact(user_id, value, type) values(60, 'test@gmail.com', 'EMAIL');
INSERT INTO contact(user_id, value, type) values(60, '+3754570567045', 'PHONE');
INSERT INTO contact(user_id, value, type) values(61, 'test@gmail.com', 'EMAIL');
INSERT INTO contact(user_id, value, type) values(61, '+3754571567145', 'PHONE');
INSERT INTO contact(user_id, value, type) values(62, 'test@gmail.com', 'EMAIL');
INSERT INTO contact(user_id, value, type) values(62, '+3754572567245', 'PHONE');
INSERT INTO contact(user_id, value, type) values(63, 'test@gmail.com', 'EMAIL');
INSERT INTO contact(user_id, value, type) values(63, '+3754573567345', 'PHONE');
INSERT INTO contact(user_id, value, type) values(64, 'test@gmail.com', 'EMAIL');
INSERT INTO contact(user_id, value, type) values(64, '+3754574567445', 'PHONE');
INSERT INTO contact(user_id, value, type) values(65, 'test@gmail.com', 'EMAIL');
INSERT INTO contact(user_id, value, type) values(65, '+3754575567545', 'PHONE');
INSERT INTO contact(user_id, value, type) values(66, 'test@gmail.com', 'EMAIL');
INSERT INTO contact(user_id, value, type) values(66, '+3754576567645', 'PHONE');
INSERT INTO contact(user_id, value, type) values(67, 'test@gmail.com', 'EMAIL');
INSERT INTO contact(user_id, value, type) values(67, '+3754577567745', 'PHONE');
INSERT INTO contact(user_id, value, type) values(68, 'test@gmail.com', 'EMAIL');
INSERT INTO contact(user_id, value, type) values(68, '+3754578567845', 'PHONE');
INSERT INTO contact(user_id, value, type) values(69, 'test@gmail.com', 'EMAIL');
INSERT INTO contact(user_id, value, type) values(69, '+3754579567945', 'PHONE');
INSERT INTO contact(user_id, value, type) values(70, 'test@gmail.com', 'EMAIL');
INSERT INTO contact(user_id, value, type) values(70, '+3754570567045', 'PHONE');
INSERT INTO contact(user_id, value, type) values(71, 'test@gmail.com', 'EMAIL');
INSERT INTO contact(user_id, value, type) values(71, '+3754571567145', 'PHONE');
INSERT INTO contact(user_id, value, type) values(72, 'test@gmail.com', 'EMAIL');
INSERT INTO contact(user_id, value, type) values(72, '+3754572567245', 'PHONE');
INSERT INTO contact(user_id, value, type) values(73, 'test@gmail.com', 'EMAIL');
INSERT INTO contact(user_id, value, type) values(73, '+3754573567345', 'PHONE');
INSERT INTO contact(user_id, value, type) values(74, 'test@gmail.com', 'EMAIL');
INSERT INTO contact(user_id, value, type) values(74, '+3754574567445', 'PHONE');
INSERT INTO contact(user_id, value, type) values(75, 'test@gmail.com', 'EMAIL');
INSERT INTO contact(user_id, value, type) values(75, '+3754575567545', 'PHONE');
INSERT INTO contact(user_id, value, type) values(76, 'test@gmail.com', 'EMAIL');
INSERT INTO contact(user_id, value, type) values(76, '+3754576567645', 'PHONE');
INSERT INTO contact(user_id, value, type) values(77, 'test@gmail.com', 'EMAIL');
INSERT INTO contact(user_id, value, type) values(77, '+3754577567745', 'PHONE');
INSERT INTO contact(user_id, value, type) values(78, 'test@gmail.com', 'EMAIL');
INSERT INTO contact(user_id, value, type) values(78, '+3754578567845', 'PHONE');
INSERT INTO contact(user_id, value, type) values(79, 'test@gmail.com', 'EMAIL');
INSERT INTO contact(user_id, value, type) values(79, '+3754579567945', 'PHONE');
INSERT INTO contact(user_id, value, type) values(80, 'test@gmail.com', 'EMAIL');
INSERT INTO contact(user_id, value, type) values(80, '+3754570567045', 'PHONE');
INSERT INTO contact(user_id, value, type) values(81, 'test@gmail.com', 'EMAIL');
INSERT INTO contact(user_id, value, type) values(81, '+3754571567145', 'PHONE');
INSERT INTO contact(user_id, value, type) values(82, 'test@gmail.com', 'EMAIL');
INSERT INTO contact(user_id, value, type) values(82, '+3754572567245', 'PHONE');
INSERT INTO contact(user_id, value, type) values(83, 'test@gmail.com', 'EMAIL');
INSERT INTO contact(user_id, value, type) values(83, '+3754573567345', 'PHONE');
INSERT INTO contact(user_id, value, type) values(84, 'test@gmail.com', 'EMAIL');
INSERT INTO contact(user_id, value, type) values(84, '+3754574567445', 'PHONE');
INSERT INTO contact(user_id, value, type) values(85, 'test@gmail.com', 'EMAIL');
INSERT INTO contact(user_id, value, type) values(85, '+3754575567545', 'PHONE');
INSERT INTO contact(user_id, value, type) values(86, 'test@gmail.com', 'EMAIL');
INSERT INTO contact(user_id, value, type) values(86, '+3754576567645', 'PHONE');
INSERT INTO contact(user_id, value, type) values(87, 'test@gmail.com', 'EMAIL');
INSERT INTO contact(user_id, value, type) values(87, '+3754577567745', 'PHONE');
INSERT INTO contact(user_id, value, type) values(88, 'test@gmail.com', 'EMAIL');
INSERT INTO contact(user_id, value, type) values(88, '+3754578567845', 'PHONE');
INSERT INTO contact(user_id, value, type) values(89, 'test@gmail.com', 'EMAIL');
INSERT INTO contact(user_id, value, type) values(89, '+3754579567945', 'PHONE');
INSERT INTO contact(user_id, value, type) values(90, 'test@gmail.com', 'EMAIL');
INSERT INTO contact(user_id, value, type) values(90, '+3754570567045', 'PHONE');
INSERT INTO contact(user_id, value, type) values(91, 'test@gmail.com', 'EMAIL');
INSERT INTO contact(user_id, value, type) values(91, '+3754571567145', 'PHONE');
INSERT INTO contact(user_id, value, type) values(92, 'test@gmail.com', 'EMAIL');
INSERT INTO contact(user_id, value, type) values(92, '+3754572567245', 'PHONE');

INSERT INTO passport(user_id, serial, number, personal_number) values(1, 'KP', 324523, 1324512345345);
INSERT INTO passport(user_id, serial, number, personal_number) values(2, 'KP', 213522, 5678354678345);
INSERT INTO passport(user_id, serial, number, personal_number) values(3, 'PP', 234523, 3456345632233);
INSERT INTO passport(user_id, serial, number, personal_number) values(4, 'PP', 345634, 3456367347345);
INSERT INTO passport(user_id, serial, number, personal_number) values(5, 'KP', 986796, 3456712134633);
INSERT INTO passport(user_id, serial, number, personal_number) values(6, 'KP', 587696, 8745847842236);
INSERT INTO passport(user_id, serial, number, personal_number) values(7, 'KP', 787696, 74584842236);
INSERT INTO passport(user_id, serial, number, personal_number) values(8, 'KP', 887696, 84584842236);
INSERT INTO passport(user_id, serial, number, personal_number) values(9, 'KP', 987696, 94584842236);
INSERT INTO passport(user_id, serial, number, personal_number) values(10, 'KP', 1087696, 104584842236);
INSERT INTO passport(user_id, serial, number, personal_number) values(11, 'KP', 1187696, 114584842236);
INSERT INTO passport(user_id, serial, number, personal_number) values(12, 'KP', 087696, 04584842236);
INSERT INTO passport(user_id, serial, number, personal_number) values(13, 'KP', 187696, 14584842236);
INSERT INTO passport(user_id, serial, number, personal_number) values(14, 'KP', 287696, 24584842236);
INSERT INTO passport(user_id, serial, number, personal_number) values(15, 'KP', 387696, 34584842236);
INSERT INTO passport(user_id, serial, number, personal_number) values(16, 'KP', 487696, 44584842236);
INSERT INTO passport(user_id, serial, number, personal_number) values(17, 'KP', 587696, 54584842236);
INSERT INTO passport(user_id, serial, number, personal_number) values(18, 'KP', 687696, 64584842236);
INSERT INTO passport(user_id, serial, number, personal_number) values(19, 'KP', 787696, 74584842236);
INSERT INTO passport(user_id, serial, number, personal_number) values(20, 'KP', 887696, 84584842236);
INSERT INTO passport(user_id, serial, number, personal_number) values(21, 'KP', 987696, 94584842236);
INSERT INTO passport(user_id, serial, number, personal_number) values(22, 'KP', 1087696, 104584842236);
INSERT INTO passport(user_id, serial, number, personal_number) values(23, 'KP', 1187696, 114584842236);
INSERT INTO passport(user_id, serial, number, personal_number) values(24, 'KP', 087696, 04584842236);
INSERT INTO passport(user_id, serial, number, personal_number) values(25, 'KP', 187696, 14584842236);
INSERT INTO passport(user_id, serial, number, personal_number) values(26, 'KP', 287696, 24584842236);
INSERT INTO passport(user_id, serial, number, personal_number) values(27, 'KP', 387696, 34584842236);
INSERT INTO passport(user_id, serial, number, personal_number) values(28, 'KP', 487696, 44584842236);
INSERT INTO passport(user_id, serial, number, personal_number) values(29, 'KP', 587696, 54584842236);
INSERT INTO passport(user_id, serial, number, personal_number) values(30, 'KP', 687696, 64584842236);
INSERT INTO passport(user_id, serial, number, personal_number) values(31, 'KP', 787696, 74584842236);
INSERT INTO passport(user_id, serial, number, personal_number) values(32, 'KP', 887696, 84584842236);
INSERT INTO passport(user_id, serial, number, personal_number) values(33, 'KP', 987696, 94584842236);
INSERT INTO passport(user_id, serial, number, personal_number) values(34, 'KP', 1087696, 104584842236);
INSERT INTO passport(user_id, serial, number, personal_number) values(35, 'KP', 1187696, 114584842236);
INSERT INTO passport(user_id, serial, number, personal_number) values(36, 'KP', 087696, 04584842236);
INSERT INTO passport(user_id, serial, number, personal_number) values(37, 'KP', 187696, 14584842236);
INSERT INTO passport(user_id, serial, number, personal_number) values(38, 'KP', 287696, 24584842236);
INSERT INTO passport(user_id, serial, number, personal_number) values(39, 'KP', 387696, 34584842236);
INSERT INTO passport(user_id, serial, number, personal_number) values(40, 'KP', 487696, 44584842236);
INSERT INTO passport(user_id, serial, number, personal_number) values(41, 'KP', 587696, 54584842236);
INSERT INTO passport(user_id, serial, number, personal_number) values(42, 'KP', 687696, 64584842236);
INSERT INTO passport(user_id, serial, number, personal_number) values(43, 'KP', 787696, 74584842236);
INSERT INTO passport(user_id, serial, number, personal_number) values(44, 'KP', 887696, 84584842236);
INSERT INTO passport(user_id, serial, number, personal_number) values(45, 'KP', 987696, 94584842236);
INSERT INTO passport(user_id, serial, number, personal_number) values(46, 'KP', 1087696, 104584842236);
INSERT INTO passport(user_id, serial, number, personal_number) values(47, 'KP', 1187696, 114584842236);
INSERT INTO passport(user_id, serial, number, personal_number) values(48, 'KP', 087696, 04584842236);
INSERT INTO passport(user_id, serial, number, personal_number) values(49, 'KP', 187696, 14584842236);
INSERT INTO passport(user_id, serial, number, personal_number) values(50, 'KP', 287696, 24584842236);
INSERT INTO passport(user_id, serial, number, personal_number) values(51, 'KP', 387696, 34584842236);
INSERT INTO passport(user_id, serial, number, personal_number) values(52, 'KP', 487696, 44584842236);
INSERT INTO passport(user_id, serial, number, personal_number) values(53, 'KP', 587696, 54584842236);
INSERT INTO passport(user_id, serial, number, personal_number) values(54, 'KP', 687696, 64584842236);
INSERT INTO passport(user_id, serial, number, personal_number) values(55, 'KP', 787696, 74584842236);
INSERT INTO passport(user_id, serial, number, personal_number) values(56, 'KP', 887696, 84584842236);
INSERT INTO passport(user_id, serial, number, personal_number) values(57, 'KP', 987696, 94584842236);
INSERT INTO passport(user_id, serial, number, personal_number) values(58, 'KP', 1087696, 104584842236);
INSERT INTO passport(user_id, serial, number, personal_number) values(59, 'KP', 1187696, 114584842236);
INSERT INTO passport(user_id, serial, number, personal_number) values(60, 'KP', 087696, 04584842236);
INSERT INTO passport(user_id, serial, number, personal_number) values(61, 'KP', 187696, 14584842236);
INSERT INTO passport(user_id, serial, number, personal_number) values(62, 'KP', 287696, 24584842236);
INSERT INTO passport(user_id, serial, number, personal_number) values(63, 'KP', 387696, 34584842236);
INSERT INTO passport(user_id, serial, number, personal_number) values(64, 'KP', 487696, 44584842236);
INSERT INTO passport(user_id, serial, number, personal_number) values(65, 'KP', 587696, 54584842236);
INSERT INTO passport(user_id, serial, number, personal_number) values(66, 'KP', 687696, 64584842236);
INSERT INTO passport(user_id, serial, number, personal_number) values(67, 'KP', 787696, 74584842236);
INSERT INTO passport(user_id, serial, number, personal_number) values(68, 'KP', 887696, 84584842236);
INSERT INTO passport(user_id, serial, number, personal_number) values(69, 'KP', 987696, 94584842236);
INSERT INTO passport(user_id, serial, number, personal_number) values(70, 'KP', 1087696, 104584842236);
INSERT INTO passport(user_id, serial, number, personal_number) values(71, 'KP', 1187696, 114584842236);
INSERT INTO passport(user_id, serial, number, personal_number) values(72, 'KP', 087696, 04584842236);
INSERT INTO passport(user_id, serial, number, personal_number) values(73, 'KP', 187696, 14584842236);
INSERT INTO passport(user_id, serial, number, personal_number) values(74, 'KP', 287696, 24584842236);
INSERT INTO passport(user_id, serial, number, personal_number) values(75, 'KP', 387696, 34584842236);
INSERT INTO passport(user_id, serial, number, personal_number) values(76, 'KP', 487696, 44584842236);
INSERT INTO passport(user_id, serial, number, personal_number) values(77, 'KP', 587696, 54584842236);
INSERT INTO passport(user_id, serial, number, personal_number) values(78, 'KP', 687696, 64584842236);
INSERT INTO passport(user_id, serial, number, personal_number) values(79, 'KP', 787696, 74584842236);
INSERT INTO passport(user_id, serial, number, personal_number) values(80, 'KP', 887696, 84584842236);
INSERT INTO passport(user_id, serial, number, personal_number) values(81, 'KP', 987696, 94584842236);
INSERT INTO passport(user_id, serial, number, personal_number) values(82, 'KP', 1087696, 104584842236);
INSERT INTO passport(user_id, serial, number, personal_number) values(83, 'KP', 1187696, 114584842236);
INSERT INTO passport(user_id, serial, number, personal_number) values(84, 'KP', 087696, 04584842236);
INSERT INTO passport(user_id, serial, number, personal_number) values(85, 'KP', 187696, 14584842236);
INSERT INTO passport(user_id, serial, number, personal_number) values(86, 'KP', 287696, 24584842236);
INSERT INTO passport(user_id, serial, number, personal_number) values(87, 'KP', 387696, 34584842236);
INSERT INTO passport(user_id, serial, number, personal_number) values(88, 'KP', 487696, 44584842236);
INSERT INTO passport(user_id, serial, number, personal_number) values(89, 'KP', 587696, 54584842236);
INSERT INTO passport(user_id, serial, number, personal_number) values(90, 'KP', 687696, 64584842236);
INSERT INTO passport(user_id, serial, number, personal_number) values(91, 'KP', 787696, 74584842236);
INSERT INTO passport(user_id, serial, number, personal_number) values(92, 'KP', 887696, 84584842236);

INSERT INTO trip(title, description, place, date_start, date_end, expenses) values('Farming', 'Test text: Iolaus', 'Самара', '2017-01-02 22:05:41-00', '2021-12-14 15:23:55-00', 236);
INSERT INTO trip(title, description, place, date_start, date_end, expenses) values('Construction', 'Test text: Phaedra', 'Магнитогорск', '2017-04-05 22:18:03-00', '2025-06-04 00:54:21-00', 180);
INSERT INTO trip(title, description, place, date_start, date_end, expenses) values('Manufacturing', 'Test text: Ariadne', 'Тверь', '2020-12-21 04:37:51-00', '2023-12-13 10:36:04-00', 158);
INSERT INTO trip(title, description, place, date_start, date_end, expenses) values('Legal', 'Test text: Atalanta', 'Самара', '2018-01-14 04:32:38-00', '2023-07-25 20:49:43-00', 23);
INSERT INTO trip(title, description, place, date_start, date_end, expenses) values('Mining', 'Test text: Antigone', 'Пермь', '2021-01-14 19:21:42-00', '2025-01-04 02:35:41-00', 136);
INSERT INTO trip(title, description, place, date_start, date_end, expenses) values('Hospitality', 'Test text: Meleager', 'Липецк', '2018-03-01 01:54:32-00', '2023-12-12 14:51:53-00', 139);
INSERT INTO trip(title, description, place, date_start, date_end, expenses) values('Design', 'Test text: Niobe', 'Волгоград', '2020-08-22 02:15:17-00', '2021-10-12 12:18:21-00', 272);
INSERT INTO trip(title, description, place, date_start, date_end, expenses) values('Retail', 'Test text: Clytemnestra', 'Саратов', '2021-01-04 21:56:40-00', '2022-10-26 05:43:31-00', 138);
INSERT INTO trip(title, description, place, date_start, date_end, expenses) values('Banking', 'Test text: Cassiopeia', 'Ульяновск', '2017-11-14 04:56:36-00', '2024-12-17 13:36:58-00', 152);
INSERT INTO trip(title, description, place, date_start, date_end, expenses) values('Accounting', 'Test text: Caeneus', 'Тула', '2020-02-07 17:08:59-00', '2022-07-13 04:43:56-00', 189);
INSERT INTO trip(title, description, place, date_start, date_end, expenses) values('Banking', 'Test text: Ganymede', 'Магнитогорск', '2018-08-16 13:10:41-00', '2024-11-08 10:57:11-00', 120);
INSERT INTO trip(title, description, place, date_start, date_end, expenses) values('Banking', 'Test text: Hermione', 'Сочи', '2019-10-09 00:35:56-00', '2023-02-28 22:25:31-00', 151);
INSERT INTO trip(title, description, place, date_start, date_end, expenses) values('Community-Services', 'Test text: Hermione', 'Тверь', '2020-07-05 14:27:31-00', '2022-02-06 17:05:23-00', 202);
INSERT INTO trip(title, description, place, date_start, date_end, expenses) values('Accounting', 'Test text: Phaedra', 'Краснодар', '2019-02-24 00:57:51-00', '2022-11-04 20:23:49-00', 68);
INSERT INTO trip(title, description, place, date_start, date_end, expenses) values('Education', 'Test text: Diomedes', 'Белгород', '2020-11-17 18:32:40-00', '2025-08-03 09:34:46-00', 242);
INSERT INTO trip(title, description, place, date_start, date_end, expenses) values('Accounting', 'Test text: Penelope', 'Омск', '2020-11-13 17:58:36-00', '2023-06-28 06:53:49-00', 207);
INSERT INTO trip(title, description, place, date_start, date_end, expenses) values('Community-Services', 'Test text: Diomedes', 'Махачкала', '2017-03-20 11:47:23-00', '2024-04-23 02:53:36-00', 102);
INSERT INTO trip(title, description, place, date_start, date_end, expenses) values('Accounting', 'Test text: Abderus', 'Волгоград', '2017-12-10 05:14:33-00', '2021-07-05 05:36:51-00', 14);
INSERT INTO trip(title, description, place, date_start, date_end, expenses) values('Farming', 'Test text: Alcestis', 'Оренбург', '2018-03-25 23:37:48-00', '2022-12-22 15:32:18-00', 259);
INSERT INTO trip(title, description, place, date_start, date_end, expenses) values('Farming', 'Test text: Icarus', 'Владимир', '2017-01-15 10:59:47-00', '2025-11-18 21:13:57-00', 34);
INSERT INTO trip(title, description, place, date_start, date_end, expenses) values('Real-Estate', 'Test text: Deianeira', 'Ставрополь', '2017-04-16 23:51:34-00', '2025-05-23 07:02:47-00', 249);
INSERT INTO trip(title, description, place, date_start, date_end, expenses) values('Administration', 'Test text: Hermione', 'Пермь', '2019-01-02 09:22:48-00', '2021-05-19 03:10:08-00', 149);
INSERT INTO trip(title, description, place, date_start, date_end, expenses) values('Education', 'Test text: Phaedra', 'Пермь', '2017-07-01 09:05:20-00', '2021-03-20 17:56:30-00', 103);
INSERT INTO trip(title, description, place, date_start, date_end, expenses) values('Hospitality', 'Test text: Ganymede', 'Брянск', '2019-11-15 06:32:39-00', '2024-11-06 14:10:01-00', 293);
INSERT INTO trip(title, description, place, date_start, date_end, expenses) values('Construction', 'Test text: Electra', 'Ставрополь', '2017-04-03 20:58:48-00', '2021-08-07 01:09:11-00', 84);
INSERT INTO trip(title, description, place, date_start, date_end, expenses) values('Accounting', 'Test text: Amphitryon', 'Томск', '2018-09-07 05:11:35-00', '2021-07-23 10:30:06-00', 295);
INSERT INTO trip(title, description, place, date_start, date_end, expenses) values('Consulting', 'Test text: Penelope', 'Кемерово', '2016-05-18 16:56:16-00', '2022-02-22 04:57:18-00', 238);
INSERT INTO trip(title, description, place, date_start, date_end, expenses) values('Sales', 'Test text: Chrysippus', 'Оренбург', '2020-02-07 12:47:56-00', '2025-04-27 07:07:12-00', 142);
INSERT INTO trip(title, description, place, date_start, date_end, expenses) values('Construction', 'Test text: Theseus', 'Липецк', '2018-04-12 22:37:26-00', '2024-07-24 00:23:38-00', 196);
INSERT INTO trip(title, description, place, date_start, date_end, expenses) values('Healthcare', 'Test text: Iolaus', 'Самара', '2017-02-19 05:29:43-00', '2025-08-22 12:00:51-00', 159);
INSERT INTO trip(title, description, place, date_start, date_end, expenses) values('Farming', 'Test text: Cassandra', 'Челябинск', '2017-04-26 08:15:19-00', '2025-02-01 17:48:12-00', 4);
INSERT INTO trip(title, description, place, date_start, date_end, expenses) values('Education', 'Test text: Orpheus', 'Тверь', '2016-10-29 21:24:43-00', '2023-12-17 13:40:34-00', 32);
INSERT INTO trip(title, description, place, date_start, date_end, expenses) values('Design', 'Test text: Abderus', 'Пермь', '2019-06-10 18:13:31-00', '2023-12-12 11:28:30-00', 13);
INSERT INTO trip(title, description, place, date_start, date_end, expenses) values('IT', 'Test text: Danaë', 'Хабаровск', '2017-12-17 11:22:49-00', '2022-07-02 00:13:20-00', 95);
INSERT INTO trip(title, description, place, date_start, date_end, expenses) values('Administration', 'Test text: Europa', 'Самара', '2021-01-13 12:11:51-00', '2022-06-16 09:33:40-00', 231);
INSERT INTO trip(title, description, place, date_start, date_end, expenses) values('Manufacturing', 'Test text: Aeneas', 'Тула', '2020-09-25 13:40:25-00', '2022-09-28 20:50:05-00', 249);
INSERT INTO trip(title, description, place, date_start, date_end, expenses) values('Retail', 'Test text: Atalanta', 'Сочи', '2019-10-13 16:41:41-00', '2025-07-28 01:28:20-00', 187);
INSERT INTO trip(title, description, place, date_start, date_end, expenses) values('Government', 'Test text: Diomedes', 'Махачкала', '2017-09-17 16:37:22-00', '2025-04-30 09:03:57-00', 173);
INSERT INTO trip(title, description, place, date_start, date_end, expenses) values('Accounting', 'Test text: Theseus', 'Пермь', '2020-07-27 17:57:03-00', '2025-11-04 05:40:05-00', 118);
INSERT INTO trip(title, description, place, date_start, date_end, expenses) values('Real-Estate', 'Test text: Abderus', 'Ставрополь', '2017-11-30 11:16:20-00', '2021-12-10 22:43:38-00', 160);
INSERT INTO trip(title, description, place, date_start, date_end, expenses) values('Mining', 'Test text: Briseis', 'Омск', '2018-08-03 06:05:14-00', '2026-01-01 16:32:49-00', 11);
INSERT INTO trip(title, description, place, date_start, date_end, expenses) values('Retail', 'Test text: Perseus', 'Казань', '2019-09-12 14:56:13-00', '2022-03-07 15:14:04-00', 135);
INSERT INTO trip(title, description, place, date_start, date_end, expenses) values('Marketing', 'Test text: Ariadne', 'Нижний Новгород', '2019-10-26 15:37:33-00', '2024-12-03 22:24:51-00', 18);
INSERT INTO trip(title, description, place, date_start, date_end, expenses) values('Banking', 'Test text: Medea', 'Чебоксары', '2016-09-03 08:41:37-00', '2022-01-17 23:45:51-00', 17);
INSERT INTO trip(title, description, place, date_start, date_end, expenses) values('Legal', 'Test text: Perseus', 'Екатеринбург', '2021-01-03 10:20:52-00', '2024-10-28 22:57:28-00', 24);
INSERT INTO trip(title, description, place, date_start, date_end, expenses) values('Mining', 'Test text: Danaë', 'Сочи', '2016-07-23 17:17:29-00', '2022-11-15 22:55:16-00', 270);
INSERT INTO trip(title, description, place, date_start, date_end, expenses) values('Technology', 'Test text: Antigone', 'Тула', '2017-08-27 09:11:59-00', '2024-09-22 18:56:36-00', 33);
INSERT INTO trip(title, description, place, date_start, date_end, expenses) values('IT', 'Test text: Eleusis', 'Астрахань', '2016-10-11 07:45:12-00', '2023-08-25 19:28:53-00', 30);
INSERT INTO trip(title, description, place, date_start, date_end, expenses) values('Healthcare', 'Test text: Jason', 'Ростов-на-Дону', '2018-09-28 18:30:33-00', '2022-04-06 23:47:08-00', 240);
INSERT INTO trip(title, description, place, date_start, date_end, expenses) values('Real-Estate', 'Test text: Bellerophon', 'Киров', '2017-09-08 17:28:04-00', '2023-09-09 05:24:24-00', 230);
INSERT INTO trip(title, description, place, date_start, date_end, expenses) values('Manufacturing', 'Test text: Cassiopeia', 'Новосибирск', '2019-08-02 18:01:56-00', '2025-03-12 03:34:14-00', 124);
INSERT INTO trip(title, description, place, date_start, date_end, expenses) values('Technology', 'Test text: Ganymede', 'Липецк', '2018-06-14 12:26:54-00', '2025-08-19 03:02:30-00', 63);
INSERT INTO trip(title, description, place, date_start, date_end, expenses) values('Sales', 'Test text: Daedalus', 'Тула', '2017-07-15 12:47:49-00', '2021-09-21 09:39:47-00', 182);
INSERT INTO trip(title, description, place, date_start, date_end, expenses) values('Marketing', 'Test text: Amphitryon', 'Ярославль', '2017-01-24 05:31:57-00', '2023-02-05 05:07:12-00', 138);
INSERT INTO trip(title, description, place, date_start, date_end, expenses) values('Government', 'Test text: Abderus', 'Омск', '2019-02-27 15:32:56-00', '2021-08-25 11:06:18-00', 113);
INSERT INTO trip(title, description, place, date_start, date_end, expenses) values('Advertising', 'Test text: Abderus', 'Краснодар', '2016-03-17 12:46:55-00', '2026-01-09 06:01:29-00', 206);
INSERT INTO trip(title, description, place, date_start, date_end, expenses) values('Real-Estate', 'Test text: Clytemnestra', 'Санкт-Петербург', '2019-02-04 19:59:18-00', '2024-02-03 05:09:03-00', 48);
INSERT INTO trip(title, description, place, date_start, date_end, expenses) values('Banking', 'Test text: Clytemnestra', 'Липецк', '2018-12-03 00:37:31-00', '2023-09-19 04:15:53-00', 225);
INSERT INTO trip(title, description, place, date_start, date_end, expenses) values('Farming', 'Test text: Achilles', 'Новосибирск', '2020-12-12 22:57:13-00', '2022-11-05 14:11:02-00', 11);
INSERT INTO trip(title, description, place, date_start, date_end, expenses) values('Banking', 'Test text: Eleusis', 'Нижний Новгород', '2019-05-28 21:18:51-00', '2022-05-09 18:55:41-00', 102);
INSERT INTO trip(title, description, place, date_start, date_end, expenses) values('Healthcare', 'Test text: Eunostus', 'Екатеринбург', '2018-03-07 02:24:51-00', '2022-08-09 04:04:09-00', 13);
INSERT INTO trip(title, description, place, date_start, date_end, expenses) values('Marketing', 'Test text: Deianeira', 'Ростов-на-Дону', '2018-03-31 22:44:49-00', '2021-06-07 23:34:05-00', 247);
INSERT INTO trip(title, description, place, date_start, date_end, expenses) values('Farming', 'Test text: Ismene', 'Иваново', '2018-07-14 19:42:42-00', '2024-06-03 15:29:14-00', 49);
INSERT INTO trip(title, description, place, date_start, date_end, expenses) values('Administration', 'Test text: Hecuba', 'Рязань', '2018-02-01 13:21:19-00', '2024-05-28 10:10:56-00', 172);
INSERT INTO trip(title, description, place, date_start, date_end, expenses) values('Healthcare', 'Test text: Hermione', 'Хабаровск', '2019-09-17 18:32:45-00', '2024-08-02 03:40:49-00', 137);
INSERT INTO trip(title, description, place, date_start, date_end, expenses) values('Accounting', 'Test text: Deianeira', 'Магнитогорск', '2020-04-23 15:20:56-00', '2021-10-26 06:40:29-00', 60);

INSERT INTO member(user_id, trip_id, role) values(6, 1, 'Product Administrator');
INSERT INTO member(user_id, trip_id, role) values(6, 2, 'Direct Technician');
INSERT INTO member(user_id, trip_id, role) values(6, 3, 'Construction Engineer');
INSERT INTO member(user_id, trip_id, role) values(6, 4, 'Engineer');
INSERT INTO member(user_id, trip_id, role) values(7, 7, 'Engineer');
INSERT INTO member(user_id, trip_id, role) values(8, 8, 'Engineer');
INSERT INTO member(user_id, trip_id, role) values(9, 9, 'Engineer');
INSERT INTO member(user_id, trip_id, role) values(10, 10, 'Engineer');
INSERT INTO member(user_id, trip_id, role) values(11, 11, 'Engineer');
INSERT INTO member(user_id, trip_id, role) values(12, 12, 'Engineer');
INSERT INTO member(user_id, trip_id, role) values(13, 13, 'Engineer');
INSERT INTO member(user_id, trip_id, role) values(14, 14, 'Engineer');
INSERT INTO member(user_id, trip_id, role) values(15, 15, 'Engineer');
INSERT INTO member(user_id, trip_id, role) values(16, 16, 'Engineer');
INSERT INTO member(user_id, trip_id, role) values(17, 17, 'Engineer');
INSERT INTO member(user_id, trip_id, role) values(18, 18, 'Engineer');
INSERT INTO member(user_id, trip_id, role) values(19, 19, 'Engineer');
INSERT INTO member(user_id, trip_id, role) values(20, 20, 'Engineer');
INSERT INTO member(user_id, trip_id, role) values(21, 21, 'Engineer');
INSERT INTO member(user_id, trip_id, role) values(22, 22, 'Engineer');
INSERT INTO member(user_id, trip_id, role) values(23, 23, 'Engineer');
INSERT INTO member(user_id, trip_id, role) values(24, 24, 'Engineer');
INSERT INTO member(user_id, trip_id, role) values(26, 1, 'Engineer');
INSERT INTO member(user_id, trip_id, role) values(27, 2, 'Engineer');
INSERT INTO member(user_id, trip_id, role) values(28, 3, 'Engineer');
INSERT INTO member(user_id, trip_id, role) values(29, 4, 'Engineer');
INSERT INTO member(user_id, trip_id, role) values(30, 5, 'Engineer');
INSERT INTO member(user_id, trip_id, role) values(31, 6, 'Engineer');
INSERT INTO member(user_id, trip_id, role) values(32, 7, 'Engineer');
INSERT INTO member(user_id, trip_id, role) values(33, 8, 'Engineer');
INSERT INTO member(user_id, trip_id, role) values(34, 9, 'Engineer');
INSERT INTO member(user_id, trip_id, role) values(35, 10, 'Engineer');
INSERT INTO member(user_id, trip_id, role) values(36, 11, 'Engineer');
INSERT INTO member(user_id, trip_id, role) values(37, 12, 'Engineer');
INSERT INTO member(user_id, trip_id, role) values(38, 13, 'Engineer');
INSERT INTO member(user_id, trip_id, role) values(39, 14, 'Engineer');
INSERT INTO member(user_id, trip_id, role) values(40, 15, 'Engineer');
INSERT INTO member(user_id, trip_id, role) values(41, 16, 'Engineer');
INSERT INTO member(user_id, trip_id, role) values(42, 17, 'Engineer');
INSERT INTO member(user_id, trip_id, role) values(43, 18, 'Engineer');
INSERT INTO member(user_id, trip_id, role) values(44, 19, 'Engineer');
INSERT INTO member(user_id, trip_id, role) values(45, 20, 'Engineer');
INSERT INTO member(user_id, trip_id, role) values(46, 21, 'Engineer');
INSERT INTO member(user_id, trip_id, role) values(47, 22, 'Engineer');
INSERT INTO member(user_id, trip_id, role) values(48, 23, 'Engineer');
INSERT INTO member(user_id, trip_id, role) values(49, 24, 'Engineer');
INSERT INTO member(user_id, trip_id, role) values(51, 1, 'Engineer');
INSERT INTO member(user_id, trip_id, role) values(52, 2, 'Engineer');
INSERT INTO member(user_id, trip_id, role) values(53, 3, 'Engineer');
INSERT INTO member(user_id, trip_id, role) values(54, 4, 'Engineer');
INSERT INTO member(user_id, trip_id, role) values(55, 5, 'Engineer');
INSERT INTO member(user_id, trip_id, role) values(56, 6, 'Engineer');
INSERT INTO member(user_id, trip_id, role) values(57, 7, 'Engineer');
INSERT INTO member(user_id, trip_id, role) values(58, 8, 'Engineer');
INSERT INTO member(user_id, trip_id, role) values(59, 9, 'Engineer');
INSERT INTO member(user_id, trip_id, role) values(60, 10, 'Engineer');
INSERT INTO member(user_id, trip_id, role) values(61, 11, 'Engineer');
INSERT INTO member(user_id, trip_id, role) values(62, 12, 'Engineer');
INSERT INTO member(user_id, trip_id, role) values(63, 13, 'Engineer');
INSERT INTO member(user_id, trip_id, role) values(64, 14, 'Engineer');
INSERT INTO member(user_id, trip_id, role) values(65, 15, 'Engineer');
INSERT INTO member(user_id, trip_id, role) values(66, 16, 'Engineer');
INSERT INTO member(user_id, trip_id, role) values(67, 17, 'Engineer');
INSERT INTO member(user_id, trip_id, role) values(68, 18, 'Engineer');
INSERT INTO member(user_id, trip_id, role) values(69, 19, 'Engineer');
INSERT INTO member(user_id, trip_id, role) values(70, 20, 'Engineer');
INSERT INTO member(user_id, trip_id, role) values(71, 21, 'Engineer');
INSERT INTO member(user_id, trip_id, role) values(72, 22, 'Engineer');
INSERT INTO member(user_id, trip_id, role) values(73, 23, 'Engineer');
INSERT INTO member(user_id, trip_id, role) values(74, 24, 'Engineer');
INSERT INTO member(user_id, trip_id, role) values(76, 1, 'Engineer');
INSERT INTO member(user_id, trip_id, role) values(77, 2, 'Engineer');
INSERT INTO member(user_id, trip_id, role) values(78, 3, 'Engineer');
INSERT INTO member(user_id, trip_id, role) values(79, 4, 'Engineer');
INSERT INTO member(user_id, trip_id, role) values(80, 5, 'Engineer');
INSERT INTO member(user_id, trip_id, role) values(81, 6, 'Engineer');
INSERT INTO member(user_id, trip_id, role) values(82, 7, 'Engineer');
INSERT INTO member(user_id, trip_id, role) values(83, 8, 'Engineer');
INSERT INTO member(user_id, trip_id, role) values(84, 9, 'Engineer');
INSERT INTO member(user_id, trip_id, role) values(85, 10, 'Engineer');
INSERT INTO member(user_id, trip_id, role) values(86, 11, 'Engineer');
INSERT INTO member(user_id, trip_id, role) values(87, 12, 'Engineer');
INSERT INTO member(user_id, trip_id, role) values(88, 13, 'Engineer');
INSERT INTO member(user_id, trip_id, role) values(89, 14, 'Engineer');
INSERT INTO member(user_id, trip_id, role) values(90, 15, 'Engineer');
INSERT INTO member(user_id, trip_id, role) values(91, 16, 'Engineer');
INSERT INTO member(user_id, trip_id, role) values(92, 17, 'Engineer');

INSERT INTO country(value) values('Belarus');
INSERT INTO country(value) values('USA');
INSERT INTO country(value) values('Russia');
INSERT INTO country(value) values('Poland');
INSERT INTO country(value) values('England');
INSERT INTO country(value) values('Japan');
INSERT INTO country(value) values('Andorra');
INSERT INTO country(value) values('United Arab Emirates');
INSERT INTO country(value) values('Afghanistan');
INSERT INTO country(value) values('Antigua & Barbuda');
INSERT INTO country(value) values('Anguilla');
INSERT INTO country(value) values('Albania');
INSERT INTO country(value) values('Armenia');
INSERT INTO country(value) values('Angola');
INSERT INTO country(value) values('Antarctica');
INSERT INTO country(value) values('Argentina');
INSERT INTO country(value) values('American Samoa');
INSERT INTO country(value) values('Austria');
INSERT INTO country(value) values('Australia');
INSERT INTO country(value) values('Aruba');
INSERT INTO country(value) values('Åland Islands');
INSERT INTO country(value) values('Azerbaijan');
INSERT INTO country(value) values('Bosnia & Herzegovina');
INSERT INTO country(value) values('Barbados');
INSERT INTO country(value) values('Bangladesh');
INSERT INTO country(value) values('Belgium');
INSERT INTO country(value) values('Burkina Faso');
INSERT INTO country(value) values('Bulgaria');
INSERT INTO country(value) values('Bahrain');
INSERT INTO country(value) values('Burundi');
INSERT INTO country(value) values('Benin');
INSERT INTO country(value) values('St. Barthélemy');
INSERT INTO country(value) values('Bermuda');
INSERT INTO country(value) values('Brunei');
INSERT INTO country(value) values('Bolivia');
INSERT INTO country(value) values('Caribbean Netherlands');
INSERT INTO country(value) values('Brazil');
INSERT INTO country(value) values('Bahamas');
INSERT INTO country(value) values('Bhutan');
INSERT INTO country(value) values('Bouvet Island');
INSERT INTO country(value) values('Botswana');
INSERT INTO country(value) values('Belize');
INSERT INTO country(value) values('Canada');
INSERT INTO country(value) values('Cocos (Keeling) Islands');
INSERT INTO country(value) values('Congo - Kinshasa');
INSERT INTO country(value) values('Central African Republic');
INSERT INTO country(value) values('Congo - Brazzaville');
INSERT INTO country(value) values('Switzerland');
INSERT INTO country(value) values('Côte d’Ivoire');
INSERT INTO country(value) values('Cook Islands');
INSERT INTO country(value) values('Chile');
INSERT INTO country(value) values('Cameroon');
INSERT INTO country(value) values('China');
INSERT INTO country(value) values('Colombia');
INSERT INTO country(value) values('Costa Rica');
INSERT INTO country(value) values('Cuba');
INSERT INTO country(value) values('Cape Verde');
INSERT INTO country(value) values('Curaçao');
INSERT INTO country(value) values('Christmas Island');
INSERT INTO country(value) values('Cyprus');
INSERT INTO country(value) values('Czechia');
INSERT INTO country(value) values('Germany');
INSERT INTO country(value) values('Djibouti');
INSERT INTO country(value) values('Denmark');
INSERT INTO country(value) values('Dominica');
INSERT INTO country(value) values('Dominican Republic');
INSERT INTO country(value) values('Algeria');
INSERT INTO country(value) values('Ecuador');
INSERT INTO country(value) values('Estonia');
INSERT INTO country(value) values('Egypt');
INSERT INTO country(value) values('Western Sahara');
INSERT INTO country(value) values('Eritrea');
INSERT INTO country(value) values('Spain');
INSERT INTO country(value) values('Ethiopia');
INSERT INTO country(value) values('Finland');
INSERT INTO country(value) values('Fiji');
INSERT INTO country(value) values('Falkland Islands');
INSERT INTO country(value) values('Micronesia');
INSERT INTO country(value) values('Faroe Islands');
INSERT INTO country(value) values('France');
INSERT INTO country(value) values('Gabon');
INSERT INTO country(value) values('United Kingdom');
INSERT INTO country(value) values('Grenada');
INSERT INTO country(value) values('Georgia');
INSERT INTO country(value) values('French Guiana');
INSERT INTO country(value) values('Guernsey');
INSERT INTO country(value) values('Ghana');
INSERT INTO country(value) values('Gibraltar');
INSERT INTO country(value) values('Greenland');
INSERT INTO country(value) values('Gambia');
INSERT INTO country(value) values('Guinea');
INSERT INTO country(value) values('Guadeloupe');
INSERT INTO country(value) values('Equatorial Guinea');
INSERT INTO country(value) values('Greece');
INSERT INTO country(value) values('South Georgia & South Sandwich Islands');
INSERT INTO country(value) values('Guatemala');
INSERT INTO country(value) values('Guam');
INSERT INTO country(value) values('Guinea-Bissau');
INSERT INTO country(value) values('Guyana');
INSERT INTO country(value) values('Hong Kong SAR China');
INSERT INTO country(value) values('Heard & McDonald Islands');
INSERT INTO country(value) values('Honduras');
INSERT INTO country(value) values('Croatia');
INSERT INTO country(value) values('Haiti');
INSERT INTO country(value) values('Hungary');
INSERT INTO country(value) values('Indonesia');
INSERT INTO country(value) values('Ireland');
INSERT INTO country(value) values('Israel');
INSERT INTO country(value) values('Isle of Man');
INSERT INTO country(value) values('India');
INSERT INTO country(value) values('British Indian Ocean Territory');
INSERT INTO country(value) values('Iraq');
INSERT INTO country(value) values('Iran');
INSERT INTO country(value) values('Iceland');
INSERT INTO country(value) values('Italy');
INSERT INTO country(value) values('Jersey');
INSERT INTO country(value) values('Jamaica');
INSERT INTO country(value) values('Jordan');
INSERT INTO country(value) values('Kenya');
INSERT INTO country(value) values('Kyrgyzstan');
INSERT INTO country(value) values('Cambodia');
INSERT INTO country(value) values('Kiribati');
INSERT INTO country(value) values('Comoros');
INSERT INTO country(value) values('St. Kitts & Nevis');
INSERT INTO country(value) values('North Korea');
INSERT INTO country(value) values('South Korea');
INSERT INTO country(value) values('Kuwait');
INSERT INTO country(value) values('Cayman Islands');
INSERT INTO country(value) values('Kazakhstan');
INSERT INTO country(value) values('Laos');
INSERT INTO country(value) values('Lebanon');
INSERT INTO country(value) values('St. Lucia');
INSERT INTO country(value) values('Liechtenstein');
INSERT INTO country(value) values('Sri Lanka');
INSERT INTO country(value) values('Liberia');
INSERT INTO country(value) values('Lesotho');
INSERT INTO country(value) values('Lithuania');
INSERT INTO country(value) values('Luxembourg');
INSERT INTO country(value) values('Latvia');
INSERT INTO country(value) values('Libya');
INSERT INTO country(value) values('Morocco');
INSERT INTO country(value) values('Monaco');
INSERT INTO country(value) values('Moldova');
INSERT INTO country(value) values('Montenegro');
INSERT INTO country(value) values('St. Martin');
INSERT INTO country(value) values('Madagascar');
INSERT INTO country(value) values('Marshall Islands');
INSERT INTO country(value) values('Macedonia');
INSERT INTO country(value) values('Mali');
INSERT INTO country(value) values('Myanmar (Burma)');
INSERT INTO country(value) values('Mongolia');
INSERT INTO country(value) values('Macau SAR China');
INSERT INTO country(value) values('Northern Mariana Islands');
INSERT INTO country(value) values('Martinique');
INSERT INTO country(value) values('Mauritania');
INSERT INTO country(value) values('Montserrat');
INSERT INTO country(value) values('Malta');
INSERT INTO country(value) values('Mauritius');
INSERT INTO country(value) values('Maldives');
INSERT INTO country(value) values('Malawi');
INSERT INTO country(value) values('Mexico');
INSERT INTO country(value) values('Malaysia');
INSERT INTO country(value) values('Mozambique');
INSERT INTO country(value) values('Namibia');
INSERT INTO country(value) values('New Caledonia');
INSERT INTO country(value) values('Niger');
INSERT INTO country(value) values('Norfolk Island');
INSERT INTO country(value) values('Nigeria');
INSERT INTO country(value) values('Nicaragua');
INSERT INTO country(value) values('Netherlands');
INSERT INTO country(value) values('Norway');
INSERT INTO country(value) values('Nepal');
INSERT INTO country(value) values('Nauru');
INSERT INTO country(value) values('Niue');
INSERT INTO country(value) values('New Zealand');
INSERT INTO country(value) values('Oman');
INSERT INTO country(value) values('Panama');
INSERT INTO country(value) values('Peru');
INSERT INTO country(value) values('French Polynesia');
INSERT INTO country(value) values('Papua New Guinea');
INSERT INTO country(value) values('Philippines');
INSERT INTO country(value) values('Pakistan');
INSERT INTO country(value) values('St. Pierre & Miquelon');
INSERT INTO country(value) values('Pitcairn Islands');
INSERT INTO country(value) values('Puerto Rico');
INSERT INTO country(value) values('Palestinian Territories');
INSERT INTO country(value) values('Portugal');
INSERT INTO country(value) values('Palau');
INSERT INTO country(value) values('Paraguay');
INSERT INTO country(value) values('Qatar');
INSERT INTO country(value) values('Réunion');
INSERT INTO country(value) values('Romania');
INSERT INTO country(value) values('Serbia');
INSERT INTO country(value) values('Rwanda');
INSERT INTO country(value) values('Saudi Arabia');
INSERT INTO country(value) values('Solomon Islands');
INSERT INTO country(value) values('Seychelles');
INSERT INTO country(value) values('Sudan');
INSERT INTO country(value) values('Sweden');
INSERT INTO country(value) values('Singapore');
INSERT INTO country(value) values('St. Helena');
INSERT INTO country(value) values('Slovenia');
INSERT INTO country(value) values('Svalbard & Jan Mayen');
INSERT INTO country(value) values('Slovakia');
INSERT INTO country(value) values('Sierra Leone');
INSERT INTO country(value) values('San Marino');
INSERT INTO country(value) values('Senegal');
INSERT INTO country(value) values('Somalia');
INSERT INTO country(value) values('Suriname');
INSERT INTO country(value) values('South Sudan');
INSERT INTO country(value) values('São Tomé & Príncipe');
INSERT INTO country(value) values('El Salvador');
INSERT INTO country(value) values('Sint Maarten');
INSERT INTO country(value) values('Syria');
INSERT INTO country(value) values('Swaziland');
INSERT INTO country(value) values('Turks & Caicos Islands');
INSERT INTO country(value) values('Chad');
INSERT INTO country(value) values('French Southern Territories');
INSERT INTO country(value) values('Togo');
INSERT INTO country(value) values('Thailand');
INSERT INTO country(value) values('Tajikistan');
INSERT INTO country(value) values('Tokelau');
INSERT INTO country(value) values('Timor-Leste');
INSERT INTO country(value) values('Turkmenistan');
INSERT INTO country(value) values('Tunisia');
INSERT INTO country(value) values('Tonga');
INSERT INTO country(value) values('Turkey');
INSERT INTO country(value) values('Trinidad & Tobago');
INSERT INTO country(value) values('Tuvalu');
INSERT INTO country(value) values('Taiwan');
INSERT INTO country(value) values('Tanzania');
INSERT INTO country(value) values('Ukraine');
INSERT INTO country(value) values('Uganda');
INSERT INTO country(value) values('U.S. Outlying Islands');
INSERT INTO country(value) values('United States');
INSERT INTO country(value) values('Uruguay');
INSERT INTO country(value) values('Uzbekistan');
INSERT INTO country(value) values('Vatican City');
INSERT INTO country(value) values('St. Vincent & Grenadines');
INSERT INTO country(value) values('Venezuela');
INSERT INTO country(value) values('British Virgin Islands');
INSERT INTO country(value) values('U.S. Virgin Islands');
INSERT INTO country(value) values('Vietnam');
INSERT INTO country(value) values('Vanuatu');
INSERT INTO country(value) values('Wallis & Futuna');
INSERT INTO country(value) values('Samoa');
INSERT INTO country(value) values('Yemen');
INSERT INTO country(value) values('Mayotte');
INSERT INTO country(value) values('South Africa');
INSERT INTO country(value) values('Zambia');
INSERT INTO country(value) values('Zimbabwe');

INSERT INTO transport(value) values('BUS');
INSERT INTO transport(value) values('TRAIN');
INSERT INTO transport(value) values('PLANE');
INSERT INTO transport(value) values('CAR');
INSERT INTO transport(value) values('TAXI');

INSERT INTO ticket(member_id, "from", "to", date, price, type_id) values(1, 'Уругвай, Тверь', 'Румыния, Саратов', '2023-01-13 05:20:58-00', 325, 1);
INSERT INTO ticket(member_id, "from", "to", date, price, type_id) values(2, 'Парагвай, Пенза', 'Мавритания, Пермь', '2019-06-30 17:58:55-00', 531, 2);
INSERT INTO ticket(member_id, "from", "to", date, price, type_id) values(3, 'Антильские Острова (не признана), Барнаул', 'Израиль, Пермь', '2017-11-11 06:39:12-00', 282, 2);
INSERT INTO ticket(member_id, "from", "to", date, price, type_id) values(4, 'Гайана, Липецк', 'Казахстан, Оренбург', '2019-09-15 14:13:52-00', 197, 3);
INSERT INTO ticket(member_id, "from", "to", date, price, type_id) values(1, 'Япония, Ульяновск', 'Уругвай, Нижний Новгород', '2023-04-15 06:45:45-00', 415, 4);
INSERT INTO ticket(member_id, "from", "to", date, price, type_id) values(2, 'Япония, Красноярск', 'Республика Конго, Тверь', '2023-05-01 07:42:35-00', 338, 5);
INSERT INTO ticket(member_id, "from", "to", date, price, type_id) values(3, 'Гана, Тула', 'Таиланд, Саратов', '2018-02-05 04:00:31-00', 540, 4);
INSERT INTO ticket(member_id, "from", "to", date, price, type_id) values(4, 'Саудовская Аравия, Владивосток', 'Гамбия, Киров', '2018-12-06 04:25:42-00', 657, 1);
INSERT INTO ticket(member_id, "from", "to", date, price, type_id) values(1, 'Мексика, Ижевск', 'Украина, Киров', '2022-10-25 02:30:37-00', 13, 2);
INSERT INTO ticket(member_id, "from", "to", date, price, type_id) values(2, 'Монако, Тула', 'Словения, Тверь', '2023-05-14 20:11:20-00', 689, 3);
INSERT INTO ticket(member_id, "from", "to", date, price, type_id) values(3, 'Финляндия, Томск', 'Тайвань (не признана), Новосибирск', '2017-05-19 22:58:23-00', 364, 4);
INSERT INTO ticket(member_id, "from", "to", date, price, type_id) values(4, 'Гвинея, Омск', 'Исландия, Волгоград', '2024-02-21 05:05:52-00', 218, 4);
INSERT INTO ticket(member_id, "from", "to", date, price, type_id) values(1, 'Тувалу, Ростов-на-Дону', 'Италия, Омск', '2024-08-26 06:43:55-00', 8, 1);
INSERT INTO ticket(member_id, "from", "to", date, price, type_id) values(2, 'Гондурас, Волгоград', 'Демократическая Республика, Томск', '2021-06-15 08:57:31-00', 113, 2);

INSERT INTO allowance(value, country_id) values(20, 1);
INSERT INTO allowance(value, country_id) values(15, 2);
INSERT INTO allowance(value, country_id) values(10, 3);

INSERT INTO member_allowance(member_id, allowance_id, days) values(1, 1, 10);
INSERT INTO member_allowance(member_id, allowance_id, days) values(2, 2, 5);
INSERT INTO member_allowance(member_id, allowance_id, days) values(3, 3, 3);